--
-- PostgreSQL database dump
--

-- Dumped from database version 12.2
-- Dumped by pg_dump version 12.2

SET statement_timeout = 0;
SET lock_timeout = 0;
SET idle_in_transaction_session_timeout = 0;
SET client_encoding = 'UTF8';
SET standard_conforming_strings = on;
SELECT pg_catalog.set_config('search_path', '', false);
SET check_function_bodies = false;
SET xmloption = content;
SET client_min_messages = warning;
SET row_security = off;

SET default_tablespace = '';

SET default_table_access_method = heap;

--
-- Name: ar_internal_metadata; Type: TABLE; Schema: public; Owner: jozykinnaman
--

CREATE TABLE public.ar_internal_metadata (
    key character varying NOT NULL,
    value character varying,
    created_at timestamp without time zone NOT NULL,
    updated_at timestamp without time zone NOT NULL
);


ALTER TABLE public.ar_internal_metadata OWNER TO jozykinnaman;

--
-- Name: products; Type: TABLE; Schema: public; Owner: jozykinnaman
--

CREATE TABLE public.products (
    id bigint NOT NULL,
    name character varying,
    cost integer,
    country_of_origin character varying,
    created_at timestamp without time zone NOT NULL,
    updated_at timestamp without time zone NOT NULL
);


ALTER TABLE public.products OWNER TO jozykinnaman;

--
-- Name: products_id_seq; Type: SEQUENCE; Schema: public; Owner: jozykinnaman
--

CREATE SEQUENCE public.products_id_seq
    START WITH 1
    INCREMENT BY 1
    NO MINVALUE
    NO MAXVALUE
    CACHE 1;


ALTER TABLE public.products_id_seq OWNER TO jozykinnaman;

--
-- Name: products_id_seq; Type: SEQUENCE OWNED BY; Schema: public; Owner: jozykinnaman
--

ALTER SEQUENCE public.products_id_seq OWNED BY public.products.id;


--
-- Name: reviews; Type: TABLE; Schema: public; Owner: jozykinnaman
--

CREATE TABLE public.reviews (
    id bigint NOT NULL,
    author character varying,
    content_body character varying,
    rating integer,
    created_at timestamp without time zone NOT NULL,
    updated_at timestamp without time zone NOT NULL,
    product_id integer
);


ALTER TABLE public.reviews OWNER TO jozykinnaman;

--
-- Name: reviews_id_seq; Type: SEQUENCE; Schema: public; Owner: jozykinnaman
--

CREATE SEQUENCE public.reviews_id_seq
    START WITH 1
    INCREMENT BY 1
    NO MINVALUE
    NO MAXVALUE
    CACHE 1;


ALTER TABLE public.reviews_id_seq OWNER TO jozykinnaman;

--
-- Name: reviews_id_seq; Type: SEQUENCE OWNED BY; Schema: public; Owner: jozykinnaman
--

ALTER SEQUENCE public.reviews_id_seq OWNED BY public.reviews.id;


--
-- Name: schema_migrations; Type: TABLE; Schema: public; Owner: jozykinnaman
--

CREATE TABLE public.schema_migrations (
    version character varying NOT NULL
);


ALTER TABLE public.schema_migrations OWNER TO jozykinnaman;

--
-- Name: products id; Type: DEFAULT; Schema: public; Owner: jozykinnaman
--

ALTER TABLE ONLY public.products ALTER COLUMN id SET DEFAULT nextval('public.products_id_seq'::regclass);


--
-- Name: reviews id; Type: DEFAULT; Schema: public; Owner: jozykinnaman
--

ALTER TABLE ONLY public.reviews ALTER COLUMN id SET DEFAULT nextval('public.reviews_id_seq'::regclass);


--
-- Data for Name: ar_internal_metadata; Type: TABLE DATA; Schema: public; Owner: jozykinnaman
--

COPY public.ar_internal_metadata (key, value, created_at, updated_at) FROM stdin;
environment	development	2020-05-29 15:22:53.272418	2020-05-29 15:22:53.272418
\.


--
-- Data for Name: products; Type: TABLE DATA; Schema: public; Owner: jozykinnaman
--

COPY public.products (id, name, cost, country_of_origin, created_at, updated_at) FROM stdin;
288	Parsley Flat Leaf	3	Bulgaria	2020-05-29 23:20:24.841026	2020-05-29 23:20:24.841026
256	Cinnamon Bark	10	French Southern Territories	2020-05-29 23:20:23.514551	2020-05-29 23:20:23.514551
257	Coriander Leaf	8	Heard Island and McDonald Islands	2020-05-29 23:20:23.56877	2020-05-29 23:20:23.56877
258	Anise	5	Brazil	2020-05-29 23:20:23.618845	2020-05-29 23:20:23.618845
259	Nutmeg Whole	7	Pakistan	2020-05-29 23:20:23.668799	2020-05-29 23:20:23.668799
260	Pickling Spice	5	Norway	2020-05-29 23:20:23.710398	2020-05-29 23:20:23.710398
261	Cardamom Ground	9	Dominica	2020-05-29 23:20:23.748804	2020-05-29 23:20:23.748804
262	Spice Charts	4	Taiwan	2020-05-29 23:20:23.786735	2020-05-29 23:20:23.786735
263	Balti Masala	7	United Arab Emirates	2020-05-29 23:20:23.825361	2020-05-29 23:20:23.825361
264	Balti Stir Fry Mix	9	Zimbabwe	2020-05-29 23:20:23.866571	2020-05-29 23:20:23.866571
265	Mustard Seed Brown	3	French Polynesia	2020-05-29 23:20:23.907849	2020-05-29 23:20:23.907849
266	German Chamomile	9	Cocos (Keeling) Islands	2020-05-29 23:20:23.945743	2020-05-29 23:20:23.945743
267	Lemon Pepper	3	Western Sahara	2020-05-29 23:20:23.984828	2020-05-29 23:20:23.984828
268	Spice Charts	6	Saint Vincent and the Grenadines	2020-05-29 23:20:24.022179	2020-05-29 23:20:24.022179
269	Sumac Ground	10	Indonesia	2020-05-29 23:20:24.059987	2020-05-29 23:20:24.059987
270	Nutmeg Whole	7	Brazil	2020-05-29 23:20:24.097722	2020-05-29 23:20:24.097722
271	Peppercorns Green	6	Croatia	2020-05-29 23:20:24.139273	2020-05-29 23:20:24.139273
272	Cardamom Whole	10	Mozambique	2020-05-29 23:20:24.181556	2020-05-29 23:20:24.181556
273	Mustard Powder	5	Romania	2020-05-29 23:20:24.222192	2020-05-29 23:20:24.222192
274	Bay Leaves Chopped	5	Saint Lucia	2020-05-29 23:20:24.261564	2020-05-29 23:20:24.261564
275	Self Adhesive Spice Labels	2	Czech Republic	2020-05-29 23:20:24.302235	2020-05-29 23:20:24.302235
276	Vanilla Bean	5	Bahamas	2020-05-29 23:20:24.341847	2020-05-29 23:20:24.341847
277	Steak Seasoning	1	United Arab Emirates	2020-05-29 23:20:24.380072	2020-05-29 23:20:24.380072
278	Curry Leaves	3	Cambodia	2020-05-29 23:20:24.41868	2020-05-29 23:20:24.41868
280	Paprika Smoked	10	French Guiana	2020-05-29 23:20:24.499575	2020-05-29 23:20:24.499575
281	Cardamom Ground	1	Argentina	2020-05-29 23:20:24.536114	2020-05-29 23:20:24.536114
282	Lavender	7	Fiji	2020-05-29 23:20:24.577425	2020-05-29 23:20:24.577425
283	Sweet Basil	2	Guinea-Bissau	2020-05-29 23:20:24.618048	2020-05-29 23:20:24.618048
284	Ginger Ground	4	San Marino	2020-05-29 23:20:24.684535	2020-05-29 23:20:24.684535
285	Vanilla Bean	1	Luxembourg	2020-05-29 23:20:24.722292	2020-05-29 23:20:24.722292
286	Liquorice Root	3	Ethiopia	2020-05-29 23:20:24.761892	2020-05-29 23:20:24.761892
287	Caraway Seed	8	Bahamas	2020-05-29 23:20:24.799597	2020-05-29 23:20:24.799597
289	Vegetable Seasoning	2	Palestinian Territory	2020-05-29 23:20:24.883427	2020-05-29 23:20:24.883427
290	Curry Leaves	5	United States Minor Outlying Islands	2020-05-29 23:20:24.921511	2020-05-29 23:20:24.921511
291	Vanilla Pods	3	Mexico	2020-05-29 23:20:24.959572	2020-05-29 23:20:24.959572
292	Coriander Seed	6	Madagascar	2020-05-29 23:20:24.998248	2020-05-29 23:20:24.998248
293	Curry Madras Medium	6	Ecuador	2020-05-29 23:20:25.034386	2020-05-29 23:20:25.034386
294	Paella Seasoning	5	Kenya	2020-05-29 23:20:25.072766	2020-05-29 23:20:25.072766
295	Cumin Ground	2	Armenia	2020-05-29 23:20:25.108593	2020-05-29 23:20:25.108593
296	Sage	4	Zimbabwe	2020-05-29 23:20:25.146202	2020-05-29 23:20:25.146202
297	Jalfrezi Mix	10	Jersey	2020-05-29 23:20:25.18718	2020-05-29 23:20:25.18718
298	Paprika	7	Andorra	2020-05-29 23:20:25.231711	2020-05-29 23:20:25.231711
299	Jerk Seasoning	6	Namibia	2020-05-29 23:20:25.268166	2020-05-29 23:20:25.268166
300	Rosemary	8	Macao	2020-05-29 23:20:25.307167	2020-05-29 23:20:25.307167
301	Lemon Grass	2	Panama	2020-05-29 23:20:25.346636	2020-05-29 23:20:25.346636
302	Peppercorns Mixed	2	Malawi	2020-05-29 23:20:25.385464	2020-05-29 23:20:25.385464
303	Korma Mix	8	Antigua and Barbuda	2020-05-29 23:20:25.433194	2020-05-29 23:20:25.433194
304	Mango Powder	10	Bahrain	2020-05-29 23:20:25.474429	2020-05-29 23:20:25.474429
305	Ginger Root	2	Cuba	2020-05-29 23:20:25.51265	2020-05-29 23:20:25.51265
307	Naan 	0	India	2020-05-30 00:15:47.749672	2020-05-30 00:15:47.749672
308	Sticky Rice	5	Thailand	2020-05-30 00:27:09.781928	2020-05-30 00:27:09.781928
309	Eggplant	5	Eggland	2020-05-30 02:29:14.424801	2020-05-30 02:29:14.424801
\.


--
-- Data for Name: reviews; Type: TABLE DATA; Schema: public; Owner: jozykinnaman
--

COPY public.reviews (id, author, content_body, rating, created_at, updated_at, product_id) FROM stdin;
511	Ms. Natisha Swift	Wolf pour-over iphone knausgaard drinking. Single-origin coffee 8-bit etsy twee disrupt biodiesel. Umami chicharrones helvetica mustache asymmetrical kitsch authentic. Biodiesel five dollar toast single-origin coffee cornhole polaroid blog. Selfies .	5	2020-05-29 23:20:23.578447	2020-05-30 23:09:17.842749	257
758	Max	Pretty good. I love the rich flavors. They make mouth and my tongue tingle. 	4	2020-05-30 02:28:12.726581	2020-05-30 02:28:12.726581	308
506	Ms. Neva Bode	Hammock mixtape yr. Yolo beard small batch. Hammock green juice vhs. Austin godard neutra. Semiotics vinyl pork belly listicle. Tousled disrupt squid yolo forage polaroid bicycle rights migas. Listicle occupy park biodiesel venmo next level. Phlogis.	4	2020-05-29 23:20:23.529679	2020-05-29 23:20:23.529679	256
507	Clyde Jacobs	Muggle magic blue bottle photo booth ennui. Typewriter pickled chillwave vinyl twee shabby chic. Drinking meditation artisan kinfolk echo. Park microdosing farm-to-table kinfolk franzen five dollar toast wayfarers. Readymade seitan retro master brun.	4	2020-05-29 23:20:23.542668	2020-05-29 23:20:23.542668	256
508	Herma Bruen	Polaroid wayfarers whatever church-key godard tumblr vegan fashion axe. Literally flexitarian polaroid kale chips park green juice forage you probably haven't heard of them. Flannel ugh blue bottle locavore literally. Pop-up single-origin coffee rea.	1	2020-05-29 23:20:23.550843	2020-05-29 23:20:23.550843	256
509	Dr. Tawny Erdman	Meh leggings art party flannel bitters microdosing ugh. Semiotics occupy meditation. Ethical church-key kickstarter pour-over plaid. Artisan five dollar toast beard pitchfork vinegar helvetica. Kitsch portland blog tote bag. Post-ironic +1 lomo clic.	3	2020-05-29 23:20:23.55702	2020-05-29 23:20:23.55702	256
510	Andre Jacobson	Quinoa austin plaid etsy jean shorts umami pop-up. Food truck pbr&b blue bottle artisan hashtag. Franzen forage pbr&b pinterest you probably haven't heard of them health williamsburg xoxo. 90's microdosing kale chips. Venmo hella actually +1. Cliche.	5	2020-05-29 23:20:23.563471	2020-05-29 23:20:23.563471	256
512	Emmitt Considine	Sriracha normcore irony five dollar toast crucifix locavore. Ugh mumblecore ethical gastropub. Gentrify truffaut humblebrag twee tacos flexitarian lomo. Cold-pressed food truck synth pop-up kale chips lomo banh mi tacos. Green juice butcher kinfolk..	5	2020-05-29 23:20:23.589925	2020-05-29 23:20:23.589925	257
513	Lilly Torp	Bushwick flannel authentic. Biodiesel dreamcatcher farm-to-table. Hella muggle magic irony ennui tilde knausgaard beard. Vegan master intelligentsia typewriter pug flannel forage actually. Green juice gastropub chambray pabst. Polaroid humblebrag ch.	3	2020-05-29 23:20:23.598822	2020-05-29 23:20:23.598822	257
514	Cami Klein	Blog chambray mixtape tofu skateboard bespoke 3 wolf moon. Tacos sustainable biodiesel yr artisan cray letterpress roof. Ugh williamsburg deep v single-origin coffee synth poutine cred lomo. Keytar polaroid gastropub blog heirloom. Gentrify fanny pa.	5	2020-05-29 23:20:23.606343	2020-05-29 23:20:23.606343	257
515	Myles Shanahan	Aesthetic synth mustache poutine gastropub biodiesel distillery muggle magic. Leggings shoreditch paleo everyday vice. Heirloom post-ironic banjo pour-over loko cornhole tousled mlkshk. Umami slow-carb distillery listicle. Mumblecore thundercats ven.	3	2020-05-29 23:20:23.613317	2020-05-29 23:20:23.613317	257
516	Marine Wehner	You probably haven't heard of them diy mustache tofu plaid marfa. Hashtag try-hard vhs humblebrag phlogiston. Wolf fanny pack pabst you probably haven't heard of them. Five dollar toast cleanse ramps pbr&b. Echo sartorial letterpress gluten-free stu.	2	2020-05-29 23:20:23.625587	2020-05-29 23:20:23.625587	258
517	Danyelle Farrell	Loko neutra art party diy. Sustainable pbr&b tousled yr bespoke health cronut franzen. Raw denim brunch fashion axe vice schlitz cronut authentic. Gentrify listicle migas ugh fashion axe. Vegan single-origin coffee bushwick pop-up. Ugh kinfolk pouti.	2	2020-05-29 23:20:23.644669	2020-05-29 23:20:23.644669	258
518	Johnna Gerlach	Cronut craft beer vhs pinterest pickled hella park pbr&b. Semiotics pug quinoa fingerstache put a bird on it asymmetrical. Meditation vice yolo wes anderson. Taxidermy yuccie synth cold-pressed 3 wolf moon meggings. Tattooed kale chips asymmetrical .	2	2020-05-29 23:20:23.650934	2020-05-29 23:20:23.650934	258
519	Shonna Wolff	Sartorial taxidermy bicycle rights fingerstache brooklyn everyday sustainable. Cliche vice yuccie crucifix. Cred poutine slow-carb offal kinfolk xoxo diy lomo. Cray tote bag 90's forage bitters pop-up readymade. Quinoa iphone knausgaard stumptown no.	1	2020-05-29 23:20:23.656663	2020-05-29 23:20:23.656663	258
520	Carey Boyle	Tilde chambray letterpress actually +1 pinterest shoreditch. Sartorial vinegar distillery. Cardigan distillery mustache. 3 wolf moon kitsch mlkshk tote bag gentrify. Franzen godard locavore xoxo gluten-free letterpress. Flexitarian brooklyn photo bo.	3	2020-05-29 23:20:23.663359	2020-05-29 23:20:23.663359	258
521	Tom Klein V	Chia sartorial vhs disrupt. Thundercats sartorial slow-carb meditation bespoke pinterest farm-to-table. Cred vinegar chillwave cray +1. Cold-pressed normcore kombucha. Plaid mixtape keytar ramps master synth. Beard cred polaroid loko. Street venmo w.	2	2020-05-29 23:20:23.675991	2020-05-29 23:20:23.675991	259
522	Vaughn Brakus	Next level tattooed readymade. Pop-up celiac truffaut muggle magic direct trade cold-pressed. Blue bottle fingerstache hella 8-bit +1 waistcoat typewriter. Letterpress listicle +1. Chillwave muggle magic flannel 90's wes anderson flexitarian. Fixie .	3	2020-05-29 23:20:23.682325	2020-05-29 23:20:23.682325	259
523	Walker Rutherford	Shabby chic roof lomo semiotics. Portland tousled cliche listicle. Fanny pack loko twee mustache tofu. Gentrify next level pickled scenester park williamsburg hella kinfolk. Banh mi chillwave post-ironic truffaut blog mixtape seitan hoodie. Shoredit.	1	2020-05-29 23:20:23.692002	2020-05-29 23:20:23.692002	259
524	Mr. Clarisa Roob	Loko salvia gastropub artisan dreamcatcher freegan messenger bag yr. Next level chartreuse literally synth microdosing. Listicle organic poutine +1 kinfolk tousled. Lumbersexual park pour-over you probably haven't heard of them neutra kinfolk. Srira.	3	2020-05-29 23:20:23.698567	2020-05-29 23:20:23.698567	259
525	Ria Abshire	Freegan biodiesel meggings flexitarian deep v beard. Deep v leggings scenester tousled muggle magic mixtape pbr&b squid. Etsy pbr&b pop-up distillery. +1 williamsburg cliche farm-to-table. Fashion axe ramps fingerstache cred leggings. Direct trade m.	3	2020-05-29 23:20:23.705052	2020-05-29 23:20:23.705052	259
526	Kelly Grady Jr.	Vinegar kogi waistcoat kale chips yuccie. Squid retro farm-to-table. Vhs authentic knausgaard shabby chic mlkshk shoreditch. Helvetica pop-up pug. Typewriter helvetica pickled pour-over austin kitsch. Freegan lumbersexual locavore gentrify thunderca.	5	2020-05-29 23:20:23.717312	2020-05-29 23:20:23.717312	260
527	Mandi Lowe	Mumblecore plaid narwhal cronut hammock tattooed paleo bespoke. Cold-pressed 90's microdosing. Kale chips skateboard food truck celiac. Hammock keffiyeh intelligentsia chillwave roof flexitarian kale chips. Neutra tote bag ramps craft beer taxidermy.	3	2020-05-29 23:20:23.723287	2020-05-29 23:20:23.723287	260
528	Hilda Crona	Disrupt umami marfa pabst echo. Street pbr&b mustache lo-fi fixie slow-carb yuccie. +1 narwhal mumblecore carry cardigan austin fixie. 8-bit biodiesel mixtape green juice art party cornhole. Blog lo-fi kogi crucifix vhs waistcoat pickled. Polaroid g.	2	2020-05-29 23:20:23.72965	2020-05-29 23:20:23.72965	260
529	Merrill Franecki DDS	Taxidermy try-hard microdosing vhs tacos yr cliche photo booth. Typewriter salvia sriracha tote bag farm-to-table shoreditch ugh keffiyeh. Tousled forage wayfarers etsy poutine. Knausgaard pour-over bushwick kitsch xoxo church-key letterpress. Kombu.	1	2020-05-29 23:20:23.735854	2020-05-29 23:20:23.735854	260
530	Zina Hickle I	Pour-over distillery poutine cray kickstarter letterpress. Truffaut pbr&b kombucha tattooed pop-up swag vhs street. Microdosing vinyl try-hard freegan intelligentsia. Tofu blue bottle readymade tumblr retro wes anderson. Semiotics phlogiston readyma.	5	2020-05-29 23:20:23.743159	2020-05-29 23:20:23.743159	260
531	Elmo Flatley III	Humblebrag listicle 3 wolf moon fanny pack. Craft beer hammock organic butcher meggings. Vinegar distillery dreamcatcher carry green juice food truck gastropub. Austin church-key vinegar next level. You probably haven't heard of them kickstarter tof.	4	2020-05-29 23:20:23.755683	2020-05-29 23:20:23.755683	261
532	Hyman Jaskolski	Gastropub schlitz yuccie offal pabst fixie. Beard try-hard brooklyn 8-bit. Small batch slow-carb wolf deep v. Humblebrag direct trade meggings ugh sartorial. Literally drinking church-key godard neutra intelligentsia lumbersexual. Messenger bag yucc.	4	2020-05-29 23:20:23.762687	2020-05-29 23:20:23.762687	261
533	Julian Schneider	Keytar you probably haven't heard of them tattooed kale chips bicycle rights heirloom synth farm-to-table. Vice paleo kitsch normcore waistcoat. Thundercats keytar salvia kinfolk lo-fi. Gentrify neutra normcore gastropub tacos tote bag. Yolo carry p.	5	2020-05-29 23:20:23.768885	2020-05-29 23:20:23.768885	261
534	Jordan Quigley	Brooklyn chicharrones raw denim bespoke banh mi goth stumptown distillery. Mixtape fingerstache 90's heirloom waistcoat cleanse squid organic. Cray schlitz put a bird on it iphone squid five dollar toast hella. Organic typewriter yuccie forage authe.	1	2020-05-29 23:20:23.775584	2020-05-29 23:20:23.775584	261
535	Burton Bernhard	Thundercats yuccie wes anderson fingerstache mumblecore bushwick venmo green juice. Bushwick you probably haven't heard of them asymmetrical mumblecore. Food truck fanny pack forage. Readymade mixtape xoxo aesthetic kombucha quinoa yuccie. Squid hoo.	3	2020-05-29 23:20:23.781788	2020-05-29 23:20:23.781788	261
536	Lowell Hudson	Disrupt schlitz mlkshk gluten-free. Chia venmo master retro humblebrag carry lomo. +1 fingerstache xoxo yr keffiyeh stumptown flannel deep v. Bushwick chartreuse thundercats vinyl gluten-free keffiyeh. Ugh shabby chic five dollar toast forage. Art p.	5	2020-05-29 23:20:23.793308	2020-05-29 23:20:23.793308	262
537	Mr. Mazie Fahey	Sriracha lumbersexual loko vhs try-hard small batch goth shoreditch. Taxidermy health authentic microdosing loko tacos occupy banjo. Irony food truck park normcore. Small batch park scenester. Small batch viral blog tattooed craft beer diy godard vi.	2	2020-05-29 23:20:23.799861	2020-05-29 23:20:23.799861	262
538	Hal Kiehn	Selfies normcore chicharrones scenester readymade xoxo portland keffiyeh. Banh mi lo-fi pinterest blog meggings keytar plaid trust fund. Migas tattooed jean shorts narwhal shoreditch poutine. Cliche raw denim sartorial 90's lo-fi schlitz readymade a.	3	2020-05-29 23:20:23.806067	2020-05-29 23:20:23.806067	262
539	Mauro Veum MD	Ramps vegan intelligentsia cronut food truck cornhole. Literally freegan seitan schlitz diy. Humblebrag chartreuse locavore pinterest polaroid neutra hashtag. Humblebrag kickstarter xoxo chicharrones blog irony fashion axe. Put a bird on it master s.	3	2020-05-29 23:20:23.812948	2020-05-29 23:20:23.812948	262
540	Brant Prosacco	Vice retro vinyl put a bird on it master bushwick jean shorts. Biodiesel sustainable cleanse fashion axe flannel vegan aesthetic tofu. Tousled tattooed yolo mixtape. 90's xoxo gentrify. Xoxo flannel 8-bit. Tousled paleo yolo food truck irony freegan.	3	2020-05-29 23:20:23.819712	2020-05-29 23:20:23.819712	262
541	Mr. Chadwick Koelpin	Ennui letterpress butcher waistcoat. Helvetica bitters selvage fingerstache pabst bushwick. Mlkshk chicharrones seitan neutra. Ugh marfa bicycle rights. Godard thundercats pitchfork. Austin knausgaard narwhal quinoa selvage. 90's roof flexitarian ve.	1	2020-05-29 23:20:23.832946	2020-05-29 23:20:23.832946	263
542	Lyndon Collins	Health chillwave xoxo pinterest. Blue bottle humblebrag mixtape twee carry wayfarers. Vinegar vegan xoxo everyday meggings salvia neutra mustache. Squid blue bottle craft beer tofu schlitz migas. Health plaid deep v kale chips fixie kickstarter ramp.	4	2020-05-29 23:20:23.839706	2020-05-29 23:20:23.839706	263
543	Lesley Wuckert V	Fixie pbr&b phlogiston mlkshk organic crucifix. Fanny pack meh truffaut biodiesel gluten-free park. Meditation kogi skateboard semiotics pork belly whatever viral loko. Put a bird on it hashtag aesthetic. Pork belly hella hashtag beard synth disrupt.	2	2020-05-29 23:20:23.846029	2020-05-29 23:20:23.846029	263
544	Sirena Schmidt	Skateboard hoodie narwhal aesthetic cred salvia. Listicle disrupt ennui polaroid carry stumptown kombucha. Brunch yuccie salvia. Poutine chillwave carry cronut. Listicle gluten-free shoreditch mumblecore bicycle rights. Schlitz sustainable goth komb.	2	2020-05-29 23:20:23.85214	2020-05-29 23:20:23.85214	263
545	Wai Goldner	Carry ramps you probably haven't heard of them pop-up distillery messenger bag ennui. Pour-over wolf meh. Asymmetrical venmo cold-pressed chicharrones cardigan vice street craft beer. Hashtag pitchfork tumblr street. Lomo retro readymade blog humble.	1	2020-05-29 23:20:23.858468	2020-05-29 23:20:23.858468	263
546	Dr. Nicolas Runolfsson	Brooklyn literally cornhole twee. Ennui sriracha irony disrupt swag roof flannel umami. Goth phlogiston 3 wolf moon +1 hella cray butcher letterpress. Poutine craft beer taxidermy fashion axe sriracha direct trade trust fund. Pabst put a bird on it .	5	2020-05-29 23:20:23.87463	2020-05-29 23:20:23.87463	264
547	Arturo Bartell PhD	Occupy narwhal scenester chartreuse pabst. Tilde shabby chic echo try-hard kombucha seitan pabst. Chia authentic wayfarers. Pour-over lumbersexual austin readymade cleanse. Small batch tote bag austin sartorial cardigan blue bottle pbr&b. Food truck.	2	2020-05-29 23:20:23.88101	2020-05-29 23:20:23.88101	264
548	Larry Metz II	Vegan pork belly flannel tousled fanny pack vinyl park chillwave. Fixie loko 8-bit gastropub bicycle rights marfa 3 wolf moon. Brooklyn slow-carb brunch chambray helvetica pop-up dreamcatcher blue bottle. Jean shorts fixie single-origin coffee cronu.	5	2020-05-29 23:20:23.88824	2020-05-29 23:20:23.88824	264
549	Pilar Zieme	Sartorial hella celiac. Etsy tumblr locavore. You probably haven't heard of them freegan church-key sustainable semiotics park. Flexitarian brooklyn kale chips pour-over hashtag. Gastropub pickled single-origin coffee kickstarter hoodie paleo. Tumbl.	5	2020-05-29 23:20:23.895863	2020-05-29 23:20:23.895863	264
550	Amelia Morar	Pickled fanny pack ugh. Cliche selvage hammock yuccie. Sartorial cleanse lomo. Health hella tilde. Pbr&b tofu yolo meggings flexitarian. Migas intelligentsia irony kitsch hella fashion axe direct trade. Kitsch etsy kale chips meggings ennui. Truffau.	5	2020-05-29 23:20:23.90262	2020-05-29 23:20:23.90262	264
551	Rosalind Funk	Everyday keytar lo-fi pbr&b godard. Small batch cliche quinoa. Tumblr post-ironic banh mi cliche. Ethical flannel whatever distillery quinoa kitsch synth seitan. Intelligentsia bitters five dollar toast. Goth pbr&b cleanse. Try-hard lomo occupy clea.	5	2020-05-29 23:20:23.915068	2020-05-29 23:20:23.915068	265
552	Alda Heller	Lomo schlitz fanny pack ugh. Pour-over freegan vhs health yr green juice roof pop-up. Viral polaroid cold-pressed dreamcatcher. Schlitz bitters shabby chic phlogiston chicharrones banh mi. Everyday gentrify vegan stumptown cleanse pork belly. Intell.	3	2020-05-29 23:20:23.921437	2020-05-29 23:20:23.921437	265
553	Zelda Gerhold IV	Vinyl park taxidermy hoodie intelligentsia kinfolk. Listicle disrupt single-origin coffee cliche ugh banjo bicycle rights everyday. Blue bottle occupy 90's. Dreamcatcher umami hella 8-bit chia. Shoreditch ethical slow-carb selfies leggings pug helve.	3	2020-05-29 23:20:23.928175	2020-05-29 23:20:23.928175	265
554	Miss Fern Hammes	Roof cardigan literally wayfarers. Brunch echo cray bespoke polaroid hoodie. Try-hard put a bird on it vice pbr&b vegan twee. Vinyl aesthetic asymmetrical flannel narwhal street. Tumblr everyday umami mustache lomo craft beer meggings. Chicharrones .	2	2020-05-29 23:20:23.932721	2020-05-29 23:20:23.932721	265
555	Olivia Denesik	Cliche distillery paleo chambray mustache swag. Shoreditch mlkshk umami pop-up before they sold out. Quinoa try-hard squid five dollar toast mumblecore blue bottle. Hammock paleo occupy kogi tousled messenger bag cold-pressed blue bottle. Gluten-fre.	1	2020-05-29 23:20:23.940311	2020-05-29 23:20:23.940311	265
556	Mr. Jackie Howell	Ethical iphone flannel selfies fanny pack neutra. Selfies 90's cliche paleo microdosing tilde hella. Bushwick craft beer crucifix gentrify sartorial sriracha master. Try-hard dreamcatcher wayfarers meh gastropub. Kinfolk thundercats pinterest flanne.	4	2020-05-29 23:20:23.952046	2020-05-29 23:20:23.952046	266
557	Errol Harvey	8-bit migas park craft beer swag truffaut flexitarian. Skateboard brooklyn wolf pinterest tilde microdosing paleo. Next level whatever quinoa before they sold out. Mustache squid tousled skateboard fixie. Mustache flexitarian cleanse wolf letterpres.	4	2020-05-29 23:20:23.958963	2020-05-29 23:20:23.958963	266
558	Ms. Dexter Larson	Yr master lomo wolf. Cleanse muggle magic photo booth helvetica yuccie fashion axe seitan retro. Ugh ethical offal meh asymmetrical. Drinking ugh photo booth bitters selvage literally next level hashtag. Venmo heirloom skateboard. Asymmetrical offal.	2	2020-05-29 23:20:23.966384	2020-05-29 23:20:23.966384	266
559	Ms. Edwina Wilkinson	Ethical sustainable food truck single-origin coffee godard 90's. Loko thundercats 8-bit listicle paleo irony. +1 cray pop-up twee whatever iphone. Mlkshk single-origin coffee green juice street sriracha messenger bag. Bitters stumptown disrupt. Jean.	5	2020-05-29 23:20:23.973165	2020-05-29 23:20:23.973165	266
560	Elmo Macejkovic	Celiac kinfolk vhs bitters knausgaard. Bitters disrupt wayfarers. Messenger bag kitsch vice ennui health tote bag. Wayfarers master mumblecore cornhole. Meditation poutine pickled readymade hoodie. Godard tote bag viral 3 wolf moon beard direct trad.	5	2020-05-29 23:20:23.979593	2020-05-29 23:20:23.979593	266
561	Lyman Kub	Ethical blog food truck chia plaid meh single-origin coffee photo booth. Small batch mixtape plaid biodiesel. Master mixtape before they sold out bitters keytar hammock tilde. Stumptown paleo tilde chillwave shoreditch scenester williamsburg. Schlit.	2	2020-05-29 23:20:23.991349	2020-05-29 23:20:23.991349	267
562	Edmond Armstrong	Try-hard tote bag ugh pitchfork ennui meh. Pug try-hard blog skateboard. Vice tofu retro pop-up. Waistcoat hammock cornhole offal. Celiac phlogiston blue bottle goth fixie asymmetrical. Squid scenester fashion axe gastropub literally mumblecore. Ska.	4	2020-05-29 23:20:23.997338	2020-05-29 23:20:23.997338	267
563	Cecila Kub	Yuccie twee lo-fi hoodie tilde tattooed echo. Brooklyn sustainable beard salvia paleo. Polaroid bitters vegan 3 wolf moon dreamcatcher meh etsy hashtag. Cornhole shabby chic cardigan tofu. Shabby chic muggle magic synth poutine leggings venmo neutra.	5	2020-05-29 23:20:24.003432	2020-05-29 23:20:24.003432	267
564	Ms. Chester Marvin	Banjo biodiesel celiac roof beard carry. Diy street ethical craft beer messenger bag mustache jean shorts. Pop-up single-origin coffee skateboard keffiyeh sartorial cold-pressed drinking loko. Kale chips helvetica hashtag vhs portland phlogiston stu.	4	2020-05-29 23:20:24.009653	2020-05-29 23:20:24.009653	267
565	Alphonse Hagenes	Dreamcatcher you probably haven't heard of them kickstarter drinking marfa jean shorts. Scenester heirloom squid typewriter. Phlogiston migas vhs umami sriracha selfies master viral. Sartorial blog marfa direct trade migas authentic. Yuccie crucifix.	3	2020-05-29 23:20:24.016787	2020-05-29 23:20:24.016787	267
566	Hermine Renner	Gentrify schlitz kitsch selvage whatever. Thundercats wolf bushwick truffaut 3 wolf moon. Readymade beard selfies scenester hoodie humblebrag cray. Iphone church-key hashtag kombucha lomo intelligentsia. Echo blog cray drinking. Fanny pack thunderca.	2	2020-05-29 23:20:24.028752	2020-05-29 23:20:24.028752	268
567	Alix Hammes	Five dollar toast hammock wayfarers sustainable celiac bicycle rights. Pickled selvage kitsch. Schlitz next level art party everyday chillwave. Diy cornhole pbr&b truffaut sustainable. Fixie craft beer small batch seitan. Tacos skateboard fingerstac.	5	2020-05-29 23:20:24.035519	2020-05-29 23:20:24.035519	268
568	Ms. Tatyana Hansen	Try-hard semiotics umami. Swag tattooed echo pork belly pitchfork yolo. Portland whatever cred banh mi readymade tilde actually carry. Viral poutine church-key. Kitsch actually everyday mlkshk venmo chartreuse farm-to-table. Venmo ugh cronut wolf of.	4	2020-05-29 23:20:24.042116	2020-05-29 23:20:24.042116	268
569	Mammie Hackett	Cronut williamsburg try-hard readymade diy tumblr photo booth master. Kale chips dreamcatcher tilde literally neutra 90's. Goth slow-carb quinoa celiac cold-pressed taxidermy fashion axe skateboard. Shoreditch waistcoat hammock migas. Dreamcatcher f.	4	2020-05-29 23:20:24.047858	2020-05-29 23:20:24.047858	268
570	Ezekiel Medhurst	Hoodie pop-up park loko celiac flexitarian selvage. Lo-fi pug meh blog locavore 3 wolf moon lumbersexual. Hella mlkshk kogi fashion axe viral freegan mixtape. Lo-fi craft beer kickstarter goth. Chicharrones gluten-free thundercats chartreuse bitters.	3	2020-05-29 23:20:24.054824	2020-05-29 23:20:24.054824	268
571	Kamala Wyman	Plaid keytar celiac kickstarter mlkshk twee helvetica semiotics. Viral slow-carb messenger bag squid authentic letterpress. Art party mixtape waistcoat. Cray lomo scenester green juice chicharrones. Cornhole schlitz small batch. Kickstarter vinegar .	5	2020-05-29 23:20:24.066779	2020-05-29 23:20:24.066779	269
572	Mohamed Howe	Freegan organic literally taxidermy bicycle rights photo booth wolf pabst. Small batch church-key banh mi art party blue bottle twee lomo. Whatever roof normcore organic kogi jean shorts. Cliche phlogiston gentrify plaid. Brunch retro xoxo sustainab.	4	2020-05-29 23:20:24.072767	2020-05-29 23:20:24.072767	269
573	Wilburn Dicki	Dreamcatcher cred muggle magic shabby chic single-origin coffee. Selvage bicycle rights organic cold-pressed polaroid. Chillwave xoxo single-origin coffee vegan church-key muggle magic cronut. Trust fund hoodie gentrify squid. Tote bag tousled brook.	3	2020-05-29 23:20:24.079806	2020-05-29 23:20:24.079806	269
574	Courtney Adams IV	Selvage yr vinyl. Yuccie everyday godard keffiyeh trust fund bespoke. Gastropub post-ironic street offal cold-pressed scenester ennui biodiesel. Umami church-key wayfarers. Meditation xoxo disrupt poutine tofu slow-carb bespoke. Put a bird on it typ.	2	2020-05-29 23:20:24.086388	2020-05-29 23:20:24.086388	269
575	Lindsey Lueilwitz	Tattooed bushwick cliche you probably haven't heard of them. Crucifix trust fund letterpress iphone sustainable dreamcatcher literally loko. Photo booth cray fashion axe authentic drinking loko. Portland normcore heirloom pinterest knausgaard goth f.	2	2020-05-29 23:20:24.09259	2020-05-29 23:20:24.09259	269
576	Dorie Mitchell	You probably haven't heard of them cold-pressed meh fanny pack messenger bag health vinegar. Polaroid trust fund vinyl flannel godard disrupt. +1 pickled mustache. Church-key flexitarian ethical sustainable wes anderson food truck austin. Try-hard m.	5	2020-05-29 23:20:24.104634	2020-05-29 23:20:24.104634	270
577	Boyd McClure	Muggle magic farm-to-table tote bag schlitz crucifix. Keytar offal synth taxidermy. Marfa wayfarers church-key. Cleanse sustainable cliche. Master 8-bit roof xoxo cornhole keytar ethical. Stumptown cornhole drinking banjo. Wolf skateboard actually. .	2	2020-05-29 23:20:24.11141	2020-05-29 23:20:24.11141	270
578	Dr. Elvira Rippin	Wes anderson goth health listicle cliche irony carry. Master street venmo tousled banh mi cardigan retro. Banh mi banjo park viral swag +1. Bespoke godard cray butcher park lomo irony. Cold-pressed hoodie disrupt cronut seitan yuccie put a bird on i.	3	2020-05-29 23:20:24.117951	2020-05-29 23:20:24.117951	270
579	Kam Fritsch	Knausgaard bitters fanny pack sriracha. Cliche street gastropub lo-fi actually godard. Actually leggings kogi viral waistcoat lomo. Shoreditch keytar migas crucifix sartorial. Venmo cray xoxo ugh marfa put a bird on it shoreditch. Wolf before they s.	4	2020-05-29 23:20:24.124858	2020-05-29 23:20:24.124858	270
580	Cyril Tillman	Cray roof chartreuse. Knausgaard literally chambray blog slow-carb. Chillwave pickled bespoke. Green juice xoxo post-ironic irony everyday ennui normcore portland. Celiac cliche distillery hammock everyday gastropub. Mlkshk chambray schlitz meh synt.	4	2020-05-29 23:20:24.13133	2020-05-29 23:20:24.13133	270
581	Manual Williamson	Photo booth hoodie blue bottle. Normcore hashtag narwhal salvia intelligentsia whatever plaid. Schlitz scenester +1 muggle magic mustache kogi cardigan raw denim. Single-origin coffee cardigan park fixie. Banjo forage butcher meditation etsy asymmet.	5	2020-05-29 23:20:24.147169	2020-05-29 23:20:24.147169	271
582	Leighann Auer	Pug umami pabst. Bitters meh hoodie listicle tacos aesthetic banjo humblebrag. Mumblecore bicycle rights authentic ugh post-ironic. Scenester art party portland jean shorts craft beer listicle poutine brunch. Pop-up heirloom bitters. Tilde bicycle r.	4	2020-05-29 23:20:24.154156	2020-05-29 23:20:24.154156	271
583	Foster Senger	Gastropub kickstarter salvia yolo pork belly celiac mlkshk. Bitters blue bottle food truck intelligentsia semiotics health portland poutine. Cronut narwhal cliche. Cardigan kinfolk 90's roof slow-carb tumblr pickled. Kinfolk disrupt blog etsy cray. .	2	2020-05-29 23:20:24.160423	2020-05-29 23:20:24.160423	271
584	Felton Ullrich	Gastropub pabst quinoa wolf deep v taxidermy artisan. Chartreuse skateboard viral wes anderson migas small batch. Green juice distillery leggings deep v squid. Yolo pickled tilde shoreditch. Listicle ramps fashion axe chambray pabst. Wes anderson pb.	2	2020-05-29 23:20:24.166808	2020-05-29 23:20:24.166808	271
585	Shelly Ritchie	Echo crucifix vegan distillery. Trust fund chillwave flannel +1 microdosing muggle magic. Chia forage helvetica skateboard yr synth sustainable fanny pack. Mlkshk pickled green juice hella godard tousled before they sold out heirloom. Squid biodiese.	1	2020-05-29 23:20:24.172749	2020-05-29 23:20:24.172749	271
586	Olivia Altenwerth	Before they sold out five dollar toast flexitarian raw denim literally dreamcatcher banh mi. Forage vegan chartreuse. Pork belly diy yr master everyday forage tattooed. Tilde plaid 90's retro 8-bit narwhal pabst microdosing. Post-ironic selfies echo.	1	2020-05-29 23:20:24.189558	2020-05-29 23:20:24.189558	272
587	Sidney Murray	Truffaut gentrify ramps. Pop-up church-key gluten-free narwhal. Chartreuse pork belly shoreditch knausgaard banh mi next level meggings hammock. Diy asymmetrical letterpress roof shoreditch fingerstache vhs. Asymmetrical distillery polaroid humblebr.	1	2020-05-29 23:20:24.197978	2020-05-29 23:20:24.197978	272
588	Marla Pacocha	Bitters tousled viral brunch fixie pop-up. Sustainable blue bottle direct trade. Squid poutine mixtape lomo. Photo booth waistcoat phlogiston hoodie. +1 williamsburg butcher. Banh mi ennui gentrify chicharrones neutra mixtape semiotics. Slow-carb mi.	3	2020-05-29 23:20:24.20427	2020-05-29 23:20:24.20427	272
589	Pamula Jerde	Pbr&b 3 wolf moon pitchfork. Raw denim gastropub stumptown vinegar quinoa. Knausgaard heirloom vice brunch cliche yuccie chillwave tote bag. Park five dollar toast roof 3 wolf moon. Portland mlkshk ennui. Park chartreuse food truck master twee dream.	5	2020-05-29 23:20:24.211164	2020-05-29 23:20:24.211164	272
590	Ms. Jerrod Marvin	Chartreuse schlitz taxidermy brunch leggings pinterest. Freegan shabby chic portland. Squid lomo put a bird on it 8-bit locavore. Irony 90's microdosing gentrify letterpress schlitz tote bag waistcoat. Tousled echo wes anderson. Salvia pickled tacos.	4	2020-05-29 23:20:24.217057	2020-05-29 23:20:24.217057	272
591	Enoch Runolfsdottir	Hoodie master disrupt. Vice yuccie schlitz crucifix poutine. Austin drinking tacos microdosing 3 wolf moon venmo umami pickled. Phlogiston vinyl yolo. Locavore hoodie organic fixie portland. Blog loko put a bird on it polaroid microdosing post-ironi.	3	2020-05-29 23:20:24.228762	2020-05-29 23:20:24.228762	273
592	Lonny Hagenes	Franzen ramps gastropub truffaut bespoke gluten-free. Hoodie iphone art party lo-fi post-ironic taxidermy typewriter chia. Retro tacos tousled kickstarter vhs. Wes anderson vinegar next level fingerstache tilde mlkshk kale chips. Keffiyeh shabby chi.	5	2020-05-29 23:20:24.235562	2020-05-29 23:20:24.235562	273
593	Mason Cummings	Mustache forage kale chips street kinfolk. Raw denim pabst shabby chic carry cold-pressed goth. Helvetica marfa chia. Cleanse everyday tousled cred neutra. Cleanse photo booth celiac tacos craft beer mumblecore. Tattooed 90's roof fingerstache clich.	5	2020-05-29 23:20:24.241898	2020-05-29 23:20:24.241898	273
594	Rosalva Waters	Microdosing health cliche paleo. Hashtag small batch drinking austin fixie diy pickled. Pinterest 3 wolf moon vinyl knausgaard portland phlogiston vice pour-over. Umami wes anderson franzen synth distillery aesthetic before they sold out. Celiac lis.	1	2020-05-29 23:20:24.24808	2020-05-29 23:20:24.24808	273
595	Ken Koepp II	Fashion axe tattooed godard. Pork belly shoreditch kickstarter xoxo cold-pressed lo-fi. Pbr&b chia messenger bag. Street etsy chia. Shoreditch polaroid etsy ennui cred muggle magic lo-fi portland. You probably haven't heard of them banjo neutra. Diy.	5	2020-05-29 23:20:24.256053	2020-05-29 23:20:24.256053	273
596	Federico Fadel	Banh mi bitters hashtag gentrify church-key drinking waistcoat mlkshk. Authentic synth flannel. Direct trade trust fund tilde marfa stumptown bespoke. Truffaut lumbersexual salvia forage yr. Narwhal organic lumbersexual. Crucifix hoodie tattooed cre.	5	2020-05-29 23:20:24.26799	2020-05-29 23:20:24.26799	274
597	Kylee Bergstrom	Master semiotics fingerstache diy. Hella cold-pressed trust fund. Five dollar toast selfies butcher try-hard synth freegan. Truffaut letterpress keffiyeh tacos narwhal williamsburg yr semiotics. Flexitarian venmo blue bottle bespoke. Crucifix goth p.	5	2020-05-29 23:20:24.274971	2020-05-29 23:20:24.274971	274
598	Arturo Mohr	Bicycle rights freegan gluten-free chartreuse tattooed vhs lo-fi. Bespoke fixie twee pug freegan. Forage biodiesel ennui lo-fi chia. Crucifix mixtape cred vhs. Pickled selfies truffaut banjo. Try-hard cronut cornhole bushwick cred squid carry goth. .	4	2020-05-29 23:20:24.281296	2020-05-29 23:20:24.281296	274
599	Cristobal Gutmann	Hashtag art party raw denim pug whatever. Authentic raw denim fanny pack tilde keytar heirloom kitsch aesthetic. Deep v readymade phlogiston fingerstache irony. Venmo tumblr authentic wayfarers aesthetic selvage cornhole banjo. 3 wolf moon swag xoxo.	1	2020-05-29 23:20:24.290786	2020-05-29 23:20:24.290786	274
600	Marcella Wolf	Brooklyn hella chartreuse banjo pitchfork. Salvia mumblecore pickled yr sartorial ethical drinking. Vinyl portland vegan. Artisan keytar phlogiston normcore. Slow-carb wes anderson organic. Chartreuse mustache pickled literally. Chartreuse kickstart.	5	2020-05-29 23:20:24.296879	2020-05-29 23:20:24.296879	274
601	Margart Hirthe	Gentrify kale chips pop-up bespoke scenester cliche ramps 90's. Distillery forage stumptown. Keffiyeh health pabst carry. Narwhal chia marfa drinking listicle migas freegan trust fund. Cardigan yuccie pbr&b normcore thundercats bespoke meditation. M.	2	2020-05-29 23:20:24.308625	2020-05-29 23:20:24.308625	275
602	Ria Kunze	Flannel knausgaard helvetica microdosing goth. Yuccie keytar gastropub before they sold out brooklyn asymmetrical. Squid blue bottle iphone narwhal marfa try-hard. Venmo vinegar umami drinking fixie. Mixtape food truck echo sustainable yr. Drinking .	3	2020-05-29 23:20:24.316041	2020-05-29 23:20:24.316041	275
603	Fredrick O'Keefe	Selvage synth ramps. Meh migas blog celiac letterpress pbr&b. Mlkshk asymmetrical jean shorts synth listicle thundercats. Pitchfork vhs migas occupy. Locavore etsy health. Goth next level irony banjo banh mi selfies meggings keffiyeh. Ugh pickled mi.	4	2020-05-29 23:20:24.323189	2020-05-29 23:20:24.323189	275
604	Jonas Cummerata III	Blue bottle pitchfork distillery. Scenester chartreuse stumptown typewriter truffaut freegan. Viral diy umami lomo whatever wes anderson organic. Kombucha iphone forage muggle magic. Heirloom 8-bit butcher viral. Kickstarter next level franzen flann.	3	2020-05-29 23:20:24.329588	2020-05-29 23:20:24.329588	275
605	Abdul Heidenreich	Meditation post-ironic synth vinyl 3 wolf moon viral. Vinyl pbr&b microdosing. Phlogiston you probably haven't heard of them knausgaard banh mi lumbersexual. Sriracha +1 narwhal. Farm-to-table bushwick lo-fi mumblecore. Truffaut fixie thundercats ve.	3	2020-05-29 23:20:24.33645	2020-05-29 23:20:24.33645	275
606	Mollie Brekke III	Kombucha meh artisan viral aesthetic. Sriracha wayfarers occupy pork belly. Kickstarter yr chambray. Fingerstache pinterest meditation authentic gluten-free meggings. Chartreuse photo booth swag bespoke quinoa banjo lumbersexual. Readymade park knau.	2	2020-05-29 23:20:24.34838	2020-05-29 23:20:24.34838	276
607	Jc Brakus	Disrupt iphone blue bottle messenger bag retro gluten-free. Vice street before they sold out iphone microdosing food truck. Gentrify helvetica dreamcatcher crucifix tousled kinfolk. Cold-pressed leggings cleanse kale chips pabst migas health drinkin.	1	2020-05-29 23:20:24.35512	2020-05-29 23:20:24.35512	276
608	Mindy Hagenes DDS	Retro +1 cold-pressed chartreuse master post-ironic heirloom. Diy chia tumblr ethical muggle magic 3 wolf moon tofu normcore. Knausgaard occupy tofu semiotics selfies try-hard. Cliche messenger bag park hella salvia direct trade. Migas church-key lo.	5	2020-05-29 23:20:24.36164	2020-05-29 23:20:24.36164	276
609	Dr. Jesus Boyle	Williamsburg stumptown beard waistcoat helvetica phlogiston ugh blog. Leggings food truck meditation tousled cray direct trade marfa venmo. Typewriter ethical disrupt. Disrupt mixtape tumblr tote bag raw denim. Squid thundercats everyday yr viral we.	2	2020-05-29 23:20:24.368038	2020-05-29 23:20:24.368038	276
610	Valerie Cole Jr.	Fingerstache cold-pressed vice freegan celiac gluten-free mustache. Tofu actually cleanse ennui freegan vinyl cray. Gluten-free waistcoat locavore leggings. Knausgaard intelligentsia skateboard. Brooklyn mlkshk 90's everyday. Bitters kitsch beard to.	3	2020-05-29 23:20:24.374843	2020-05-29 23:20:24.374843	276
611	Marivel Mraz	Fashion axe mustache iphone shoreditch. Cred raw denim park pour-over sriracha wes anderson goth before they sold out. Five dollar toast diy echo. Yuccie shabby chic bitters. Lo-fi trust fund meggings. Pbr&b vegan cleanse. 3 wolf moon whatever flann.	5	2020-05-29 23:20:24.386586	2020-05-29 23:20:24.386586	277
612	Viola Flatley	Iphone tofu health roof williamsburg skateboard. Mlkshk kinfolk you probably haven't heard of them drinking cliche meggings kombucha. Brooklyn pop-up venmo umami cray literally bushwick. Vegan dreamcatcher roof messenger bag raw denim hammock poutin.	2	2020-05-29 23:20:24.392491	2020-05-29 23:20:24.392491	277
613	Larhonda Runolfsdottir V	Bicycle rights neutra polaroid schlitz banjo. Master marfa austin salvia chillwave ennui fanny pack. Green juice tofu tattooed chillwave. Blog flannel direct trade disrupt single-origin coffee. Freegan fixie scenester organic. Thundercats roof brook.	5	2020-05-29 23:20:24.39932	2020-05-29 23:20:24.39932	277
614	Jacquelynn Hagenes	Shabby chic etsy tofu. Sartorial vegan chicharrones bushwick cronut. Mustache pitchfork portland sustainable listicle flexitarian neutra. Thundercats austin vegan health. Fixie vice forage farm-to-table diy plaid. Selfies you probably haven't heard .	3	2020-05-29 23:20:24.405802	2020-05-29 23:20:24.405802	277
615	Mrs. Saul Towne	Gentrify tote bag humblebrag blue bottle forage fanny pack typewriter. Taxidermy meh yolo polaroid gluten-free shoreditch sriracha. Cliche tumblr lumbersexual diy thundercats crucifix salvia. Church-key 8-bit leggings iphone diy waistcoat. Actually .	5	2020-05-29 23:20:24.412433	2020-05-29 23:20:24.412433	277
616	Giuseppe Bruen	Bicycle rights cold-pressed mixtape put a bird on it. Microdosing retro forage. Chillwave fixie kinfolk. Butcher lo-fi chia. Wes anderson green juice intelligentsia semiotics. Wolf stumptown art party blog. Sriracha five dollar toast quinoa lumberse.	4	2020-05-29 23:20:24.424956	2020-05-29 23:20:24.424956	278
617	Margherita Huels	Drinking authentic meditation. Lomo forage meh scenester jean shorts. Kale chips photo booth organic authentic semiotics green juice. Mixtape squid xoxo 90's disrupt. Celiac letterpress post-ironic schlitz health bicycle rights. Pbr&b selvage yr tax.	2	2020-05-29 23:20:24.431587	2020-05-29 23:20:24.431587	278
618	Daryl Oberbrunner	Kombucha park pop-up post-ironic wayfarers swag. Listicle tousled next level iphone tilde scenester asymmetrical typewriter. Occupy yuccie bushwick. Drinking marfa try-hard kickstarter quinoa messenger bag. Yuccie ennui williamsburg xoxo retro. Hash.	1	2020-05-29 23:20:24.437595	2020-05-29 23:20:24.437595	278
619	Dwight Mayer	Keffiyeh food truck brunch vinegar stumptown hoodie photo booth. Williamsburg church-key wes anderson thundercats taxidermy shoreditch art party freegan. Shoreditch locavore distillery shabby chic fixie vegan semiotics. You probably haven't heard of.	3	2020-05-29 23:20:24.444845	2020-05-29 23:20:24.444845	278
620	Madelaine Dibbert	Fixie literally helvetica cardigan food truck 3 wolf moon schlitz. Venmo readymade offal next level kitsch. Kale chips stumptown whatever raw denim. Twee bushwick slow-carb austin banjo brunch gastropub 8-bit. Cold-pressed mustache direct trade dist.	5	2020-05-29 23:20:24.451617	2020-05-29 23:20:24.451617	278
626	Dr. Jayson Shields	Bushwick chambray letterpress. Cold-pressed forage neutra kickstarter loko sustainable. Church-key five dollar toast meditation street fanny pack retro. Carry farm-to-table helvetica pork belly chicharrones twee. Church-key yr synth +1 chia. Chichar.	2	2020-05-29 23:20:24.506004	2020-05-29 23:20:24.506004	280
627	Arron Mueller	Hammock yuccie scenester. Kitsch 8-bit whatever deep v. Bicycle rights wayfarers raw denim synth loko organic lo-fi scenester. Five dollar toast hoodie austin williamsburg. Deep v diy pour-over muggle magic put a bird on it. Kombucha meggings freega.	1	2020-05-29 23:20:24.512267	2020-05-29 23:20:24.512267	280
628	Ms. Norberto Bashirian	Irony normcore flannel chicharrones jean shorts polaroid direct trade. Leggings try-hard etsy. Meditation drinking muggle magic. Pug tofu cornhole echo truffaut synth. Biodiesel messenger bag blog. Raw denim cardigan fashion axe plaid gluten-free bl.	5	2020-05-29 23:20:24.51901	2020-05-29 23:20:24.51901	280
629	Michel Zieme MD	Slow-carb listicle franzen mlkshk jean shorts kale chips messenger bag. Street wolf offal. Tousled swag lo-fi ramps crucifix schlitz. Mlkshk try-hard kickstarter venmo migas farm-to-table shabby chic. Wes anderson typewriter single-origin coffee pbr.	1	2020-05-29 23:20:24.524781	2020-05-29 23:20:24.524781	280
630	Simone Douglas	Meditation next level vice put a bird on it farm-to-table park loko brunch. Vice meggings squid chia. Put a bird on it before they sold out photo booth paleo. Helvetica tousled direct trade cold-pressed. Plaid flannel cliche. Intelligentsia tacos ch.	4	2020-05-29 23:20:24.531429	2020-05-29 23:20:24.531429	280
631	Anton Marquardt	Pabst five dollar toast muggle magic meditation green juice offal mumblecore 3 wolf moon. Lo-fi forage +1 gluten-free cornhole photo booth bespoke retro. Godard aesthetic fashion axe. Jean shorts tacos hella marfa offal five dollar toast wolf. Deep .	2	2020-05-29 23:20:24.542893	2020-05-29 23:20:24.542893	281
632	Irma Wilkinson	Five dollar toast mlkshk marfa everyday readymade lo-fi disrupt. Polaroid try-hard locavore plaid hammock normcore ennui 3 wolf moon. Intelligentsia kinfolk polaroid. Vice beard pitchfork phlogiston jean shorts fixie gluten-free. Messenger bag semio.	4	2020-05-29 23:20:24.549471	2020-05-29 23:20:24.549471	281
633	Jackqueline Bergstrom	Echo pabst vinyl umami chillwave gentrify park vhs. Echo jean shorts mumblecore post-ironic flannel. Kogi chicharrones beard. Biodiesel williamsburg crucifix sartorial blue bottle whatever taxidermy. Direct trade +1 pork belly selfies. Flexitarian f.	1	2020-05-29 23:20:24.557793	2020-05-29 23:20:24.557793	281
634	Waldo Pfeffer	Microdosing photo booth cred next level xoxo mumblecore master selvage. Vegan seitan tattooed knausgaard ugh cornhole. Wes anderson helvetica occupy godard polaroid. Brooklyn beard carry photo booth. Everyday 8-bit pinterest pour-over meggings +1 cl.	5	2020-05-29 23:20:24.564731	2020-05-29 23:20:24.564731	281
635	Corine Nienow	Fixie keffiyeh chicharrones kombucha single-origin coffee. Fashion axe wolf microdosing wes anderson synth. Schlitz craft beer twee. Tilde bushwick banh mi messenger bag whatever artisan try-hard selvage. Etsy direct trade tattooed cliche wes anders.	4	2020-05-29 23:20:24.571474	2020-05-29 23:20:24.571474	281
636	Asia McClure	Food truck hammock biodiesel echo schlitz street intelligentsia. Craft beer cronut plaid fashion axe vice post-ironic. Beard food truck pug fixie narwhal hella meditation kickstarter. Mumblecore kombucha deep v synth phlogiston. Plaid normcore hammo.	4	2020-05-29 23:20:24.58437	2020-05-29 23:20:24.58437	282
637	Logan Langworth	Green juice typewriter stumptown muggle magic. Master sartorial yolo try-hard meditation raw denim. 90's sartorial photo booth single-origin coffee. Celiac freegan wes anderson. Farm-to-table brunch letterpress wolf gastropub xoxo. Pitchfork 8-bit b.	1	2020-05-29 23:20:24.590798	2020-05-29 23:20:24.590798	282
638	Andria Flatley	Chambray tacos 3 wolf moon keffiyeh. Venmo listicle whatever vinegar kinfolk beard fashion axe. Skateboard shoreditch lomo vice locavore. Vinegar schlitz wayfarers. Next level slow-carb green juice schlitz deep v hammock disrupt meh. Kombucha vhs lu.	1	2020-05-29 23:20:24.598095	2020-05-29 23:20:24.598095	282
639	Sharlene Gusikowski IV	Phlogiston whatever cleanse lumbersexual heirloom photo booth. Next level single-origin coffee shabby chic gentrify hashtag street chartreuse. Blog hoodie vinegar green juice vegan schlitz dreamcatcher. 8-bit lumbersexual cliche literally artisan go.	5	2020-05-29 23:20:24.605074	2020-05-29 23:20:24.605074	282
640	Mrs. Marcelino Kuvalis	Locavore distillery park schlitz try-hard meggings. Bitters yr whatever cardigan irony. Jean shorts pitchfork xoxo chillwave umami cred mixtape. Iphone vhs tacos messenger bag aesthetic kitsch cornhole. Church-key leggings blog diy synth 3 wolf moon.	4	2020-05-29 23:20:24.611795	2020-05-29 23:20:24.611795	282
641	Zachary Moen	Pug cardigan gastropub normcore helvetica. Typewriter disrupt hoodie crucifix austin. Kombucha pug keytar pickled. Messenger bag 90's roof chicharrones ennui vhs. Venmo keytar pabst forage. Carry 3 wolf moon bushwick park tofu. Lo-fi ennui cray fora.	3	2020-05-29 23:20:24.626432	2020-05-29 23:20:24.626432	283
642	Providencia Hamill MD	Echo small batch master drinking. Distillery migas whatever tattooed. Meditation tacos offal craft beer. Organic salvia five dollar toast pop-up. Typewriter blue bottle wolf. Artisan trust fund chartreuse thundercats. Literally 3 wolf moon tofu aust.	2	2020-05-29 23:20:24.635281	2020-05-29 23:20:24.635281	283
643	Jamal Batz II	Brooklyn chambray xoxo loko twee tacos. Brooklyn fixie you probably haven't heard of them. Echo carry paleo. Vegan letterpress crucifix sriracha cliche offal. Readymade listicle actually cold-pressed chia occupy art party. Sartorial messenger bag dr.	5	2020-05-29 23:20:24.666686	2020-05-29 23:20:24.666686	283
644	Susana Kilback	Blog craft beer gentrify kinfolk bicycle rights loko muggle magic. Keytar fingerstache church-key before they sold out. Authentic kinfolk trust fund narwhal. Etsy cred green juice intelligentsia selvage master fixie vhs. Actually retro swag mixtape .	2	2020-05-29 23:20:24.672699	2020-05-29 23:20:24.672699	283
645	Don Schmidt IV	Semiotics shoreditch ethical small batch pop-up master five dollar toast thundercats. Locavore vice yolo. Polaroid pitchfork etsy. Taxidermy 8-bit kombucha tofu echo +1. Thundercats listicle bitters. Semiotics mustache hoodie banh mi ramps. Mumbleco.	2	2020-05-29 23:20:24.679385	2020-05-29 23:20:24.679385	283
646	Hilario Feeney	Crucifix aesthetic kogi kitsch +1 whatever. Skateboard actually fixie. Fanny pack brunch semiotics bitters kinfolk. Lo-fi typewriter shoreditch. Wayfarers letterpress vinegar. Kale chips offal ethical schlitz. Narwhal offal blog. Pork belly blog kit.	5	2020-05-29 23:20:24.691496	2020-05-29 23:20:24.691496	284
647	Mrs. Gregorio Stokes	Bitters cleanse portland vinyl food truck. Selfies williamsburg roof iphone artisan yolo mustache. Banjo gentrify kombucha hammock sartorial vinyl blue bottle lomo. Health readymade flannel tofu artisan fanny pack +1 jean shorts. You probably haven'.	4	2020-05-29 23:20:24.696824	2020-05-29 23:20:24.696824	284
648	Mr. Damien Cruickshank	Squid bicycle rights vinegar phlogiston freegan celiac cred mlkshk. Hammock pug bitters vhs. Photo booth hella tumblr humblebrag muggle magic. Blue bottle lo-fi pinterest mustache cornhole bicycle rights roof. Gentrify kale chips direct trade hoodie.	2	2020-05-29 23:20:24.704148	2020-05-29 23:20:24.704148	284
649	Kimberlee Dickinson IV	Sriracha beard kickstarter raw denim tilde. Occupy everyday health ethical iphone. Pug beard helvetica meh bitters. Green juice sriracha gluten-free distillery tattooed. Seitan bicycle rights pinterest organic umami. Tumblr yolo yuccie. Umami meggin.	4	2020-05-29 23:20:24.71142	2020-05-29 23:20:24.71142	284
650	Tomas Rutherford	Typewriter cold-pressed sustainable 3 wolf moon meditation portland waistcoat. Flexitarian freegan five dollar toast. Pop-up mumblecore selvage hoodie put a bird on it ramps wes anderson twee. Thundercats cold-pressed messenger bag godard flannel. S.	3	2020-05-29 23:20:24.716861	2020-05-29 23:20:24.716861	284
651	Mr. Effie Thompson	Disrupt ethical flexitarian. Mumblecore cleanse twee put a bird on it tattooed kogi. Iphone distillery freegan cornhole. Sustainable street blue bottle hashtag. Plaid letterpress sriracha squid hella kombucha kickstarter. Gastropub letterpress kombu.	3	2020-05-29 23:20:24.729255	2020-05-29 23:20:24.729255	285
652	Pat Kshlerin DDS	Before they sold out retro church-key gluten-free small batch blog. Fixie messenger bag chartreuse pork belly skateboard wes anderson mumblecore. Chicharrones put a bird on it beard shabby chic skateboard keytar. Banjo irony ennui hoodie. Aesthetic .	1	2020-05-29 23:20:24.737365	2020-05-29 23:20:24.737365	285
653	Jeromy Rodriguez DVM	Small batch tacos keffiyeh cliche neutra paleo you probably haven't heard of them. Street cronut bespoke kinfolk flannel. Post-ironic blog tumblr ugh keffiyeh sustainable. Pbr&b pinterest skateboard wolf twee cliche diy bitters. Hammock beard scenes.	4	2020-05-29 23:20:24.743712	2020-05-29 23:20:24.743712	285
654	Miss Judith McKenzie	Single-origin coffee portland muggle magic scenester. Church-key flexitarian green juice yolo leggings. Typewriter readymade food truck ramps gluten-free. Lomo cred pour-over kickstarter biodiesel echo. Beard 8-bit chicharrones skateboard vinegar. J.	5	2020-05-29 23:20:24.750045	2020-05-29 23:20:24.750045	285
655	Lasandra Friesen	Kinfolk twee gastropub food truck keytar fanny pack. Diy cronut blog irony lo-fi actually. Etsy taxidermy vice blog typewriter. Pour-over street post-ironic wolf authentic twee. 8-bit godard pork belly freegan etsy flexitarian meggings brooklyn. Foo.	3	2020-05-29 23:20:24.756538	2020-05-29 23:20:24.756538	285
656	Enoch Wolff	Jean shorts franzen mustache intelligentsia xoxo dreamcatcher semiotics art party. Salvia yuccie kombucha leggings tacos fingerstache truffaut. Lumbersexual trust fund keffiyeh iphone. Whatever flexitarian post-ironic you probably haven't heard of t.	2	2020-05-29 23:20:24.768253	2020-05-29 23:20:24.768253	286
657	Jovan Runolfsdottir	Kale chips 90's squid. Williamsburg selfies put a bird on it. Truffaut asymmetrical squid flannel aesthetic sriracha. Neutra truffaut portland tumblr listicle austin. Craft beer offal chartreuse ethical meditation tote bag pitchfork. Squid plaid mlk.	4	2020-05-29 23:20:24.775275	2020-05-29 23:20:24.775275	286
658	Miss Connie Thiel	Next level crucifix health celiac williamsburg offal salvia. Loko letterpress bushwick tattooed keffiyeh phlogiston retro. Lomo pop-up tattooed cornhole yuccie. Next level ramps selfies. Microdosing etsy deep v tote bag. Post-ironic organic banjo +1.	1	2020-05-29 23:20:24.781742	2020-05-29 23:20:24.781742	286
659	Phil Hansen	Authentic wolf taxidermy health. Next level franzen small batch butcher. Raw denim before they sold out try-hard pickled. Scenester poutine +1 swag dreamcatcher. Freegan organic roof slow-carb. Lo-fi venmo vinegar pour-over. 8-bit cray post-ironic. .	4	2020-05-29 23:20:24.787823	2020-05-29 23:20:24.787823	286
660	Ms. Cody MacGyver	Ugh forage vegan echo raw denim tumblr. Fingerstache godard thundercats forage wolf. 3 wolf moon loko neutra distillery. Bespoke 8-bit blue bottle blog seitan health flannel asymmetrical. Flannel church-key normcore microdosing asymmetrical waistcoa.	5	2020-05-29 23:20:24.794429	2020-05-29 23:20:24.794429	286
661	Dr. Dominica Predovic	Craft beer trust fund franzen retro salvia mumblecore pbr&b. Kogi lomo yr cred distillery. Hammock vegan chia microdosing goth gentrify whatever. Hammock asymmetrical green juice 90's wayfarers austin. Everyday vice fixie schlitz. Narwhal aesthetic .	4	2020-05-29 23:20:24.805991	2020-05-29 23:20:24.805991	287
662	Janell Oberbrunner	Umami gluten-free diy you probably haven't heard of them literally paleo vhs. Kitsch sartorial listicle synth. Loko kickstarter austin cleanse try-hard cornhole. Lomo swag etsy gluten-free fixie twee. Forage quinoa bespoke gentrify try-hard microdos.	2	2020-05-29 23:20:24.812072	2020-05-29 23:20:24.812072	287
663	Diann Brakus	Goth phlogiston seitan fingerstache echo blue bottle kinfolk. Art party lomo blue bottle. Slow-carb church-key franzen heirloom banh mi cred. Brunch drinking deep v actually. Iphone meggings plaid listicle. Paleo wolf church-key cray skateboard fora.	2	2020-05-29 23:20:24.818357	2020-05-29 23:20:24.818357	287
664	Rachael Wuckert	Flexitarian mixtape salvia leggings viral kickstarter. Pop-up drinking celiac kombucha skateboard +1. Sartorial loko banjo chartreuse single-origin coffee. Hella cornhole street swag. Offal disrupt pabst tacos butcher single-origin coffee etsy. Quin.	3	2020-05-29 23:20:24.824517	2020-05-29 23:20:24.824517	287
665	Derrick Wunsch	Cardigan hashtag slow-carb biodiesel fanny pack normcore listicle banjo. Whatever hashtag salvia authentic gastropub seitan. Fingerstache gastropub phlogiston yr trust fund tacos kinfolk wayfarers. Drinking art party tacos post-ironic selfies. Freeg.	1	2020-05-29 23:20:24.835781	2020-05-29 23:20:24.835781	287
666	Toi Auer	Trust fund neutra franzen iphone brunch actually umami. Single-origin coffee bitters viral truffaut wolf lo-fi freegan deep v. Iphone street letterpress keytar seitan butcher hammock. Wolf semiotics cleanse. 90's meditation tumblr trust fund hashtag.	5	2020-05-29 23:20:24.848438	2020-05-29 23:20:24.848438	288
667	Melva Harris	Wayfarers kitsch sriracha authentic. Pug heirloom humblebrag etsy stumptown pop-up. Before they sold out flannel bushwick. Keytar five dollar toast yr brunch kitsch salvia blue bottle kale chips. Kinfolk marfa ugh asymmetrical pinterest. Mlkshk megg.	3	2020-05-29 23:20:24.855399	2020-05-29 23:20:24.855399	288
668	Hilton Yost	Chia wes anderson mumblecore. Tacos stumptown celiac iphone chillwave. Distillery literally truffaut try-hard artisan muggle magic. Brunch synth roof kale chips distillery. Flannel ugh fixie pbr&b disrupt. Roof before they sold out bitters pork bell.	4	2020-05-29 23:20:24.862506	2020-05-29 23:20:24.862506	288
669	Sidney Quigley	Beard try-hard selfies narwhal. Sustainable fixie chillwave gluten-free mlkshk. Disrupt loko whatever sustainable plaid ennui. Mumblecore pop-up flexitarian. Flannel tumblr +1. Deep v muggle magic trust fund iphone health twee pinterest. Church-key .	1	2020-05-29 23:20:24.871442	2020-05-29 23:20:24.871442	288
670	Haywood Metz Jr.	Swag whatever put a bird on it. Literally distillery crucifix microdosing. Chartreuse stumptown offal meggings gluten-free. Vice actually gentrify hella semiotics art party. Master taxidermy blog irony slow-carb. Meggings typewriter cronut goth offa.	2	2020-05-29 23:20:24.87786	2020-05-29 23:20:24.87786	288
671	Clemencia Walter MD	Meggings kinfolk mumblecore etsy roof gluten-free organic. Fashion axe etsy jean shorts. Marfa yr cornhole locavore. Microdosing hella ennui. Organic kitsch tattooed mustache. Portland five dollar toast thundercats jean shorts chia cray. Whatever ka.	4	2020-05-29 23:20:24.88937	2020-05-29 23:20:24.88937	289
672	Sergio Carroll	Trust fund cold-pressed quinoa pitchfork narwhal occupy vinegar cred. Cardigan waistcoat put a bird on it pop-up +1 fanny pack. Echo meggings chartreuse. Skateboard seitan kombucha vice yolo. Paleo keffiyeh 3 wolf moon 8-bit artisan next level knaus.	5	2020-05-29 23:20:24.896541	2020-05-29 23:20:24.896541	289
673	Brandy Von	You probably haven't heard of them taxidermy tattooed twee. Yolo seitan celiac microdosing. Readymade direct trade cred tilde mumblecore keffiyeh. Lomo shoreditch authentic blue bottle ethical. Freegan locavore letterpress. Street hoodie kale chips .	4	2020-05-29 23:20:24.902833	2020-05-29 23:20:24.902833	289
674	Lawrence Sauer	Aesthetic health migas seitan. Gentrify jean shorts kogi sriracha yuccie intelligentsia bushwick. Lumbersexual food truck pug yuccie. Five dollar toast hashtag flannel lumbersexual. Messenger bag intelligentsia chambray street put a bird on it heirl.	1	2020-05-29 23:20:24.909634	2020-05-29 23:20:24.909634	289
675	Joannie Witting	Asymmetrical offal freegan listicle. Loko freegan pug tofu brooklyn twee master. Lomo cold-pressed waistcoat banh mi pork belly cray carry. Narwhal banh mi chambray pork belly hashtag wes anderson mlkshk. Hashtag bushwick irony meh pork belly readym.	1	2020-05-29 23:20:24.916372	2020-05-29 23:20:24.916372	289
676	Guillermo Pagac	Small batch sartorial art party gluten-free narwhal. Five dollar toast shoreditch meditation crucifix artisan wayfarers hoodie. Put a bird on it actually iphone cold-pressed disrupt deep v. Messenger bag green juice pbr&b intelligentsia phlogiston m.	3	2020-05-29 23:20:24.927823	2020-05-29 23:20:24.927823	290
677	Simonne Schaefer V	Muggle magic schlitz mumblecore. Vinegar narwhal slow-carb food truck synth fingerstache meditation marfa. Intelligentsia church-key pug vegan helvetica celiac. Goth normcore tilde. Pabst meggings occupy heirloom small batch hella vinyl raw denim. B.	1	2020-05-29 23:20:24.934971	2020-05-29 23:20:24.934971	290
678	Mrs. Waneta Smith	Kombucha tumblr flannel goth yuccie selvage. Celiac +1 heirloom chia seitan yolo. Brunch paleo flannel yr readymade. Seitan heirloom pug ramps. Tumblr fixie park chillwave direct trade flexitarian salvia. Letterpress organic typewriter humblebrag ar.	3	2020-05-29 23:20:24.941158	2020-05-29 23:20:24.941158	290
679	Cristi Parisian	Kitsch try-hard brooklyn blog fingerstache. Chambray mustache direct trade street disrupt gastropub pickled. Humblebrag listicle flexitarian aesthetic seitan hashtag. Viral chia vegan gastropub ethical pbr&b twee. Locavore migas deep v gastropub col.	2	2020-05-29 23:20:24.94765	2020-05-29 23:20:24.94765	290
680	Alexandria Mayer	Phlogiston cronut bespoke. Meggings food truck bushwick drinking gentrify typewriter leggings. Lumbersexual carry kinfolk seitan. Cred flexitarian put a bird on it freegan keffiyeh. Marfa messenger bag williamsburg artisan cornhole. Scenester typewr.	1	2020-05-29 23:20:24.953982	2020-05-29 23:20:24.953982	290
681	Rosalba Littel	Fashion axe portland pitchfork. Keffiyeh typewriter hashtag. Tilde yuccie cleanse swag gentrify. Kale chips paleo meh tousled bushwick distillery tacos. Ethical drinking diy roof put a bird on it. Chia cliche mixtape scenester butcher venmo. Pitchfo.	2	2020-05-29 23:20:24.966663	2020-05-29 23:20:24.966663	291
682	Deandrea Morar	Hoodie selfies tote bag put a bird on it next level humblebrag meh. Williamsburg next level sartorial park jean shorts humblebrag cray sriracha. Tousled kickstarter vegan quinoa. Cold-pressed echo drinking flannel kinfolk next level. Ugh venmo post-.	2	2020-05-29 23:20:24.974237	2020-05-29 23:20:24.974237	291
683	Candy Sauer	Vhs gentrify truffaut austin small batch food truck godard. Single-origin coffee keytar tilde kickstarter truffaut seitan lumbersexual yolo. Schlitz vinyl craft beer loko cardigan taxidermy jean shorts. Kinfolk godard bushwick narwhal. Yuccie dreamc.	1	2020-05-29 23:20:24.980503	2020-05-29 23:20:24.980503	291
684	Miss Kallie Schroeder	Seitan keytar sustainable paleo yr. Iphone vinyl gluten-free. Whatever shabby chic heirloom. Dreamcatcher 8-bit wayfarers fanny pack mumblecore kitsch hashtag yuccie. Everyday pop-up mixtape retro church-key meditation vice keytar. Vegan farm-to-tab.	5	2020-05-29 23:20:24.986715	2020-05-29 23:20:24.986715	291
685	Ronnie Towne	Chicharrones 90's venmo. Semiotics chicharrones lumbersexual direct trade truffaut tattooed. Leggings keytar flexitarian pabst. Knausgaard lumbersexual fixie. Heirloom mustache chillwave tofu narwhal schlitz fashion axe meditation. Iphone narwhal ar.	4	2020-05-29 23:20:24.992722	2020-05-29 23:20:24.992722	291
686	Roselyn Leffler	Scenester pitchfork chambray. Fixie shabby chic ramps truffaut lo-fi waistcoat pickled tacos. Microdosing swag brunch selvage venmo blog typewriter. Kogi bushwick cred pickled polaroid kombucha. Heirloom authentic roof bespoke drinking farm-to-table.	4	2020-05-29 23:20:25.0045	2020-05-29 23:20:25.0045	292
687	Armando Koepp	Art party farm-to-table single-origin coffee vegan offal cronut tattooed. Authentic bitters tofu art party vegan goth actually. Pug microdosing small batch keffiyeh. Ramps 90's readymade goth waistcoat normcore. Authentic lo-fi hammock phlogiston. S.	1	2020-05-29 23:20:25.01078	2020-05-29 23:20:25.01078	292
688	Angelo Greenholt DDS	Tousled flexitarian health tofu banjo seitan leggings cronut. Scenester paleo phlogiston lumbersexual lomo godard squid. Pork belly ennui direct trade cray tofu. Chartreuse paleo butcher sartorial pour-over carry waistcoat. Chambray cray venmo schli.	3	2020-05-29 23:20:25.016639	2020-05-29 23:20:25.016639	292
689	Roosevelt Beer	Poutine lomo asymmetrical. Meditation squid loko. Pickled beard tofu vinyl church-key goth. 3 wolf moon truffaut drinking neutra mumblecore sriracha tote bag kombucha. Jean shorts quinoa wayfarers kombucha pitchfork pbr&b vice meh. Tofu kickstarter .	5	2020-05-29 23:20:25.022731	2020-05-29 23:20:25.022731	292
690	Elliott Hudson	Readymade pug blue bottle muggle magic lumbersexual health. Diy wayfarers farm-to-table polaroid swag direct trade cronut truffaut. Tacos knausgaard kickstarter craft beer. Cray lo-fi viral farm-to-table celiac. Kinfolk pork belly photo booth leggin.	4	2020-05-29 23:20:25.028749	2020-05-29 23:20:25.028749	292
691	Lourie Ondricka	Retro cardigan yr mustache stumptown. Biodiesel cronut fanny pack quinoa. Artisan meditation single-origin coffee. Brooklyn farm-to-table tote bag selvage helvetica. Godard brooklyn migas street dreamcatcher. 8-bit xoxo ennui seitan keffiyeh. Hashta.	2	2020-05-29 23:20:25.040754	2020-05-29 23:20:25.040754	293
692	Jimmy Donnelly	Yr phlogiston vice lumbersexual listicle chambray. Banh mi shabby chic polaroid craft beer xoxo chambray wolf iphone. Tousled leggings +1. Gastropub lumbersexual celiac mixtape lo-fi pour-over listicle. Kitsch echo ennui meh. Tilde plaid yr letterpr.	2	2020-05-29 23:20:25.047083	2020-05-29 23:20:25.047083	293
693	Russel Witting	Tilde migas pbr&b stumptown ethical vegan. Hella put a bird on it green juice irony. Readymade chia carry viral. Narwhal umami trust fund thundercats master tousled. Post-ironic hella chia readymade yolo celiac. Ethical kitsch hashtag chicharrones. .	1	2020-05-29 23:20:25.054723	2020-05-29 23:20:25.054723	293
694	Thuy McClure	Tattooed banjo kale chips readymade five dollar toast bespoke keytar. Cornhole before they sold out scenester. Cred schlitz trust fund humblebrag iphone. Cornhole hammock truffaut drinking neutra. Crucifix artisan quinoa wayfarers hella selfies stum.	5	2020-05-29 23:20:25.061565	2020-05-29 23:20:25.061565	293
695	Lincoln Auer Jr.	Everyday forage retro. Craft beer jean shorts banh mi taxidermy before they sold out ramps vegan sartorial. Godard pinterest neutra salvia cred tumblr letterpress. Humblebrag umami scenester. Banh mi truffaut brunch biodiesel wolf readymade franzen .	1	2020-05-29 23:20:25.06781	2020-05-29 23:20:25.06781	293
696	Granville Gaylord	Venmo portland sustainable poutine church-key. Meditation microdosing migas. Goth put a bird on it swag pabst typewriter next level aesthetic. Five dollar toast you probably haven't heard of them kitsch pitchfork park blue bottle iphone austin. Loko.	2	2020-05-29 23:20:25.079544	2020-05-29 23:20:25.079544	294
697	Miss Samira Douglas	Cleanse meh fashion axe vegan. Tote bag yr sriracha pinterest organic swag lo-fi. Lo-fi hammock offal phlogiston. Art party viral single-origin coffee thundercats. Tousled 3 wolf moon tilde trust fund green juice listicle scenester portland. Marfa o.	4	2020-05-29 23:20:25.085782	2020-05-29 23:20:25.085782	294
698	Nicholas Cartwright	Mumblecore trust fund tousled. Jean shorts craft beer franzen. Keffiyeh photo booth yolo heirloom. Microdosing literally sartorial taxidermy slow-carb phlogiston artisan. Offal echo butcher polaroid. Bicycle rights phlogiston blue bottle. Banh mi fr.	2	2020-05-29 23:20:25.091898	2020-05-29 23:20:25.091898	294
699	Ms. Rayford Lakin	Disrupt meh hoodie kombucha tattooed semiotics plaid. Deep v 8-bit 90's echo artisan distillery aesthetic. Whatever phlogiston tumblr wayfarers pinterest helvetica. Biodiesel venmo actually irony roof. Food truck seitan flexitarian stumptown microdo.	3	2020-05-29 23:20:25.097436	2020-05-29 23:20:25.097436	294
700	Tisha Rippin	Dreamcatcher cray kickstarter diy gluten-free kogi farm-to-table. Roof scenester bitters selvage selfies disrupt post-ironic helvetica. 3 wolf moon whatever migas taxidermy cronut quinoa ugh. Letterpress tacos williamsburg phlogiston post-ironic kic.	5	2020-05-29 23:20:25.103576	2020-05-29 23:20:25.103576	294
701	Margarito McLaughlin	Meggings meditation you probably haven't heard of them. Chillwave normcore wayfarers muggle magic. Tote bag waistcoat neutra next level. Vinegar flexitarian hammock pitchfork banjo diy bicycle rights. Heirloom quinoa actually thundercats gluten-free.	4	2020-05-29 23:20:25.115668	2020-05-29 23:20:25.115668	295
702	Dotty Gottlieb	Cardigan synth stumptown semiotics lomo master wolf. Hammock hella plaid. Messenger bag selvage church-key flannel. Crucifix vegan wolf. Flannel loko microdosing occupy blue bottle five dollar toast. Austin loko chillwave chia mixtape bicycle rights.	1	2020-05-29 23:20:25.12188	2020-05-29 23:20:25.12188	295
703	Boyd Hane	Stumptown beard irony everyday. Gluten-free park neutra. Portland beard meggings banh mi green juice cleanse. Pour-over brunch lo-fi cred narwhal green juice pork belly humblebrag. Intelligentsia seitan kale chips paleo. Farm-to-table 90's gentrify .	3	2020-05-29 23:20:25.127902	2020-05-29 23:20:25.127902	295
704	Miss Porfirio Lowe	Seitan loko bitters aesthetic meggings photo booth gluten-free tofu. Banjo bushwick schlitz cray raw denim green juice salvia chillwave. Messenger bag viral health ramps cold-pressed knausgaard next level. Cronut freegan direct trade sartorial artis.	4	2020-05-29 23:20:25.134724	2020-05-29 23:20:25.134724	295
705	Ike Hansen III	Hammock pork belly narwhal. Yolo marfa twee viral occupy master jean shorts. Ramps beard fingerstache mixtape lo-fi vice. Post-ironic pug thundercats knausgaard. Fashion axe artisan lomo. Migas leggings lomo selfies. Wes anderson lumbersexual disrup.	5	2020-05-29 23:20:25.140905	2020-05-29 23:20:25.140905	295
706	Kirk Marks	Bitters fanny pack scenester pork belly small batch. Tattooed deep v vinegar. Health listicle trust fund. Everyday mixtape vinyl squid. Raw denim ethical godard. Vhs green juice chicharrones gluten-free small batch. Hashtag williamsburg blog chillwa.	5	2020-05-29 23:20:25.152813	2020-05-29 23:20:25.152813	296
707	Nathanial Keeling	Kitsch roof forage. Lo-fi echo dreamcatcher pop-up. Migas banh mi lumbersexual +1 roof wes anderson vinyl. Viral vhs authentic humblebrag. Vinyl godard cray pickled yr pbr&b truffaut food truck. Artisan master wes anderson. Five dollar toast gastrop.	2	2020-05-29 23:20:25.159758	2020-05-29 23:20:25.159758	296
708	Jorge Pouros	Street raw denim chillwave kogi portland letterpress beard mlkshk. Hoodie vinegar sriracha try-hard semiotics vhs. Drinking roof blue bottle yr hashtag meditation. Neutra helvetica yr. Plaid taxidermy deep v synth migas squid. Fingerstache before th.	4	2020-05-29 23:20:25.168918	2020-05-29 23:20:25.168918	296
709	Mrs. Ingeborg Pacocha	Photo booth park selvage pickled fixie pinterest mlkshk salvia. Dreamcatcher asymmetrical roof cold-pressed portland. Hammock whatever gluten-free semiotics pabst truffaut iphone. Shoreditch muggle magic 3 wolf moon. Flannel fashion axe tofu flexita.	2	2020-05-29 23:20:25.175767	2020-05-29 23:20:25.175767	296
710	Claretha McDermott	Deep v tilde craft beer etsy cold-pressed taxidermy. Bicycle rights kogi fanny pack. Hoodie intelligentsia fanny pack. Single-origin coffee listicle ramps. Muggle magic intelligentsia post-ironic sustainable artisan. Actually brunch synth thundercat.	1	2020-05-29 23:20:25.182104	2020-05-29 23:20:25.182104	296
711	Vincenzo Hilll	Pitchfork diy ethical fixie locavore. Ethical beard aesthetic narwhal post-ironic keytar offal skateboard. Retro iphone tote bag pabst vhs. Dreamcatcher meh tote bag 3 wolf moon. Portland shabby chic gentrify cold-pressed. Chia migas squid echo. Yr .	4	2020-05-29 23:20:25.193727	2020-05-29 23:20:25.193727	297
712	Iona Lemke	Kombucha disrupt health pitchfork photo booth. Next level lo-fi ennui. Food truck occupy church-key. Mlkshk street gentrify skateboard cardigan microdosing hoodie small batch. Semiotics sriracha next level. Pug synth kale chips put a bird on it slow.	2	2020-05-29 23:20:25.204542	2020-05-29 23:20:25.204542	297
713	Coletta Kris I	Butcher pop-up thundercats brunch cray. Godard five dollar toast church-key organic synth portland meh intelligentsia. Leggings everyday humblebrag. Flexitarian cronut truffaut tumblr. Salvia bicycle rights williamsburg quinoa post-ironic. Farm-to-t.	3	2020-05-29 23:20:25.210823	2020-05-29 23:20:25.210823	297
714	Alex Hammes	Vice quinoa blue bottle goth aesthetic church-key. Bitters deep v cred intelligentsia hella ennui you probably haven't heard of them loko. Quinoa tumblr beard umami you probably haven't heard of them authentic five dollar toast forage. Knausgaard bi.	2	2020-05-29 23:20:25.2201	2020-05-29 23:20:25.2201	297
715	Myung Lebsack	Church-key yolo pug tilde. Offal master wes anderson 90's bespoke. Selvage chicharrones hella occupy bespoke. Vice dreamcatcher aesthetic crucifix heirloom. Offal vhs retro tumblr fashion axe artisan tofu humblebrag. Small batch crucifix farm-to-tab.	5	2020-05-29 23:20:25.226426	2020-05-29 23:20:25.226426	297
716	Mr. Jarrod Lang	Plaid photo booth listicle ugh literally carry neutra. Fingerstache typewriter master hashtag. Pour-over carry kickstarter intelligentsia pbr&b tote bag taxidermy shabby chic. Small batch helvetica squid narwhal keffiyeh wes anderson. Wayfarers food.	2	2020-05-29 23:20:25.23727	2020-05-29 23:20:25.23727	298
717	Dr. Jackeline Maggio	Fanny pack try-hard quinoa shoreditch pug. Banh mi asymmetrical vinyl. Forage gentrify portland sustainable. Carry yuccie chillwave taxidermy bitters readymade pop-up kinfolk. Waistcoat literally 90's. Roof chia tattooed. Meditation meggings seitan .	3	2020-05-29 23:20:25.243568	2020-05-29 23:20:25.243568	298
718	Kasey Jakubowski PhD	Twee microdosing hella swag. Pabst tousled +1 xoxo. Polaroid dreamcatcher cray vinegar muggle magic lomo tofu vhs. Crucifix jean shorts pug put a bird on it vice. Dreamcatcher iphone 8-bit paleo actually. Pabst intelligentsia ugh. Truffaut yr master.	2	2020-05-29 23:20:25.249475	2020-05-29 23:20:25.249475	298
719	Rodrick Tillman	Mlkshk quinoa fashion axe. Brunch pour-over paleo single-origin coffee selfies blog ethical. Semiotics cleanse skateboard hashtag trust fund. Cliche tote bag trust fund microdosing. Meggings mumblecore umami goth gastropub carry celiac. Sartorial fa.	5	2020-05-29 23:20:25.256309	2020-05-29 23:20:25.256309	298
720	Maryln Barton	Wolf phlogiston green juice stumptown whatever hella direct trade. Whatever flannel brunch chartreuse. Chillwave gastropub bushwick direct trade. Single-origin coffee seitan butcher. Blog gentrify forage knausgaard disrupt. Jean shorts hella next le.	3	2020-05-29 23:20:25.262772	2020-05-29 23:20:25.262772	298
721	Mendy Boehm	Cronut five dollar toast neutra. Gastropub banh mi try-hard 3 wolf moon. Twee food truck sustainable messenger bag quinoa bespoke heirloom chartreuse. Cornhole tilde chicharrones photo booth. Hashtag microdosing blue bottle fashion axe. Pug cleanse .	3	2020-05-29 23:20:25.275904	2020-05-29 23:20:25.275904	299
722	Karrie Wisozk	Meggings kinfolk locavore kale chips shoreditch. Marfa hammock +1 green juice stumptown. Bicycle rights tumblr authentic. Irony tilde slow-carb hammock letterpress bespoke. Actually 3 wolf moon before they sold out chambray bespoke farm-to-table ska.	1	2020-05-29 23:20:25.282116	2020-05-29 23:20:25.282116	299
723	Mrs. Garry Labadie	Shoreditch microdosing +1 viral tote bag 8-bit. Pop-up hoodie occupy microdosing blog tilde. Tilde swag umami tofu marfa you probably haven't heard of them. Kombucha beard fanny pack viral. Meditation echo gluten-free banh mi mumblecore. Next level .	5	2020-05-29 23:20:25.288488	2020-05-29 23:20:25.288488	299
724	Sharonda Kris	You probably haven't heard of them park hashtag health. Park wolf gentrify meditation cliche salvia. Pinterest ramps cliche sustainable microdosing gluten-free heirloom austin. Literally phlogiston pop-up whatever sriracha. Craft beer flexitarian dr.	5	2020-05-29 23:20:25.295332	2020-05-29 23:20:25.295332	299
725	Cindi Baumbach	Heirloom tousled wes anderson dreamcatcher actually skateboard tattooed. Xoxo diy messenger bag yr food truck. Selvage wolf try-hard fingerstache celiac bitters xoxo chartreuse. Cardigan chartreuse paleo tumblr. Master banjo goth gastropub banh mi p.	1	2020-05-29 23:20:25.301509	2020-05-29 23:20:25.301509	299
726	Zena Kiehn PhD	Etsy muggle magic seitan photo booth mumblecore wayfarers. Yr tote bag sustainable semiotics hammock beard cornhole. Locavore xoxo bushwick sartorial. Schlitz mixtape heirloom. Brunch seitan hella mlkshk kinfolk park cred brooklyn. Tacos poutine jea.	4	2020-05-29 23:20:25.314441	2020-05-29 23:20:25.314441	300
727	Herlinda Gutmann II	Stumptown whatever pop-up. Lumbersexual offal selvage umami lo-fi. Whatever cliche sartorial five dollar toast wes anderson kale chips vegan bitters. Selfies semiotics messenger bag readymade migas. Mixtape gluten-free ugh squid farm-to-table semiot.	2	2020-05-29 23:20:25.32172	2020-05-29 23:20:25.32172	300
728	Brandi Ferry	Occupy franzen gastropub chia vhs ugh tilde dreamcatcher. Fingerstache artisan tousled pop-up microdosing kinfolk chicharrones hella. Next level normcore microdosing ennui yolo sustainable. Godard sustainable carry +1 tacos. Ethical narwhal schlitz .	3	2020-05-29 23:20:25.328081	2020-05-29 23:20:25.328081	300
729	Houston Purdy	Sriracha chicharrones kickstarter five dollar toast wayfarers asymmetrical xoxo. Health beard asymmetrical taxidermy post-ironic. Intelligentsia artisan crucifix normcore vinyl helvetica. Banjo lomo synth ennui raw denim goth etsy. Pork belly wayfar.	2	2020-05-29 23:20:25.335139	2020-05-29 23:20:25.335139	300
730	Bernard Bruen	Irony helvetica kombucha franzen leggings drinking kogi. Beard etsy ugh blog. Authentic swag asymmetrical kinfolk hammock pabst venmo. Direct trade poutine freegan waistcoat muggle magic squid cronut. Crucifix iphone ethical +1 hammock austin. Truff.	5	2020-05-29 23:20:25.341355	2020-05-29 23:20:25.341355	300
731	Priscilla Jaskolski	Letterpress sriracha chartreuse. Synth actually tofu retro selvage sartorial gastropub. Flexitarian kitsch freegan paleo polaroid humblebrag. Vhs hashtag austin craft beer. Goth chia vinegar cray. Banh mi plaid butcher. Readymade bespoke chicharrone.	4	2020-05-29 23:20:25.353395	2020-05-29 23:20:25.353395	301
732	Lyndon Kozey	Flexitarian sartorial gluten-free freegan. Before they sold out schlitz art party paleo. Mumblecore everyday pour-over tumblr pop-up. Seitan everyday raw denim marfa squid listicle food truck. Keffiyeh heirloom neutra brooklyn slow-carb. Small batch.	3	2020-05-29 23:20:25.36025	2020-05-29 23:20:25.36025	301
733	Charissa Ledner	Pour-over typewriter thundercats banh mi. Biodiesel irony poutine chillwave direct trade raw denim cardigan sriracha. Lo-fi yr raw denim. Marfa butcher banh mi carry irony church-key. 90's helvetica butcher portland. Venmo schlitz chia. Quinoa tofu .	2	2020-05-29 23:20:25.366543	2020-05-29 23:20:25.366543	301
734	Margherita Kunze	Pork belly bushwick distillery. Next level raw denim fanny pack. Cred waistcoat master. Bespoke tattooed selfies flannel hoodie intelligentsia scenester. Typewriter beard wayfarers. Flannel art party bicycle rights goth cliche yr microdosing. Master.	5	2020-05-29 23:20:25.373126	2020-05-29 23:20:25.373126	301
735	Ivan Dicki	Bushwick selvage aesthetic pickled microdosing leggings. Yr mustache keffiyeh. Post-ironic godard vinyl street. Mlkshk pabst bitters. Cliche pitchfork tofu. Keffiyeh hashtag literally jean shorts locavore hammock. Keytar butcher loko etsy. Asymmetri.	2	2020-05-29 23:20:25.380398	2020-05-29 23:20:25.380398	301
736	Merilyn Jast	Green juice photo booth vinegar cronut. Mustache semiotics artisan cardigan keytar helvetica try-hard ramps. Chambray literally slow-carb banjo umami selvage irony. Viral scenester authentic brooklyn hella aesthetic. Ethical shoreditch health. Art p.	1	2020-05-29 23:20:25.391955	2020-05-29 23:20:25.391955	302
737	Shelby Schneider V	Authentic butcher retro vinyl lo-fi thundercats mumblecore godard. Umami polaroid street kinfolk truffaut lomo. Chia chillwave cray helvetica meh deep v health. Fixie truffaut squid. Typewriter etsy cold-pressed. Swag yolo 3 wolf moon venmo deep v l.	4	2020-05-29 23:20:25.39782	2020-05-29 23:20:25.39782	302
738	Karleen Paucek	Crucifix mlkshk cleanse. Roof jean shorts whatever yolo kickstarter. Locavore banh mi 8-bit. Occupy knausgaard chambray polaroid put a bird on it. Portland pinterest ethical narwhal skateboard viral seitan. Synth mixtape typewriter fanny pack helvet.	2	2020-05-29 23:20:25.404709	2020-05-29 23:20:25.404709	302
739	Kareem Beatty I	Narwhal meh bushwick 8-bit. Bespoke offal microdosing next level. Celiac kale chips occupy fingerstache put a bird on it pinterest banjo. Keytar helvetica kombucha. Green juice mixtape irony. Mixtape normcore hella schlitz listicle gluten-free raw d.	2	2020-05-29 23:20:25.417354	2020-05-29 23:20:25.417354	302
740	Fredrick Raynor	Cronut trust fund mustache. Occupy fanny pack bushwick you probably haven't heard of them. Offal lo-fi migas tumblr vice cornhole. Vhs green juice wes anderson authentic vegan wolf food truck small batch. Freegan yolo ennui pitchfork. Pork belly cra.	4	2020-05-29 23:20:25.426657	2020-05-29 23:20:25.426657	302
741	Carolann Parisian	Tote bag chicharrones cred brunch leggings church-key. Microdosing portland wayfarers. Photo booth beard fingerstache kale chips selfies literally. Listicle vinegar small batch kinfolk health. Carry pork belly roof messenger bag. Post-ironic slow-ca.	2	2020-05-29 23:20:25.441248	2020-05-29 23:20:25.441248	303
742	Bea Kutch	Intelligentsia cliche bicycle rights. Umami yr blog waistcoat bicycle rights. Tattooed art party muggle magic chartreuse. Shabby chic park actually. Etsy +1 quinoa keffiyeh. Shoreditch retro pbr&b try-hard kale chips semiotics muggle magic. Pbr&b to.	4	2020-05-29 23:20:25.448831	2020-05-29 23:20:25.448831	303
743	Raye Kohler	Pork belly venmo semiotics gastropub kickstarter schlitz. Authentic keytar ethical gentrify pabst. Mixtape sartorial humblebrag mumblecore. Master before they sold out craft beer kombucha fashion axe everyday. Pickled pbr&b locavore taxidermy yuccie.	3	2020-05-29 23:20:25.455525	2020-05-29 23:20:25.455525	303
744	Miss Hilton Braun	Scenester typewriter listicle iphone fashion axe. Heirloom portland beard cray neutra messenger bag semiotics. Williamsburg vhs umami church-key migas. Single-origin coffee squid kale chips flexitarian waistcoat. Vegan +1 scenester cronut tattooed s.	4	2020-05-29 23:20:25.46252	2020-05-29 23:20:25.46252	303
745	Paul Sipes V	Carry cray narwhal hammock. Put a bird on it stumptown humblebrag kinfolk. Blog butcher polaroid craft beer church-key small batch truffaut vegan. Meggings phlogiston meh xoxo dreamcatcher. Celiac photo booth tote bag retro kale chips try-hard leggi.	3	2020-05-29 23:20:25.468652	2020-05-29 23:20:25.468652	303
746	Tanna Watsica	Deep v hammock retro microdosing. Hammock pickled waistcoat. Before they sold out dreamcatcher 3 wolf moon meh bushwick. Street slow-carb tote bag heirloom lo-fi. Shabby chic locavore brooklyn yolo pork belly literally slow-carb green juice. Mlkshk .	2	2020-05-29 23:20:25.481489	2020-05-29 23:20:25.481489	304
747	Wilburn Botsford	Normcore lomo echo paleo pug ramps brooklyn. Twee truffaut umami. Pork belly heirloom echo bespoke actually. Sustainable tattooed cred dreamcatcher keytar. Mixtape chicharrones everyday neutra leggings muggle magic deep v forage. Cold-pressed try-ha.	3	2020-05-29 23:20:25.487079	2020-05-29 23:20:25.487079	304
748	Jerrold Lemke	Hoodie pork belly vinegar knausgaard. Lo-fi hashtag artisan sartorial. Kale chips mlkshk try-hard pop-up asymmetrical small batch. Green juice slow-carb flannel. Yuccie butcher waistcoat tattooed fanny pack food truck bicycle rights bespoke. Health .	3	2020-05-29 23:20:25.493408	2020-05-29 23:20:25.493408	304
749	Mr. Carlee Kreiger	Cronut jean shorts scenester waistcoat health taxidermy tumblr microdosing. Park yolo taxidermy. Vhs normcore beard tofu viral before they sold out. Poutine dreamcatcher irony banjo ramps direct trade. Shabby chic single-origin coffee keffiyeh schli.	1	2020-05-29 23:20:25.500639	2020-05-29 23:20:25.500639	304
750	Dan Abernathy	Pbr&b +1 heirloom gluten-free. Readymade cleanse trust fund post-ironic vice yuccie meggings. Gentrify meh ramps hammock truffaut tattooed. Kale chips leggings fingerstache typewriter cornhole. Vhs gastropub squid banjo shabby chic yolo. Scenester y.	3	2020-05-29 23:20:25.507546	2020-05-29 23:20:25.507546	304
751	Vernon Greenfelder	Chambray yolo flexitarian asymmetrical. Bicycle rights wolf intelligentsia aesthetic. Ethical typewriter forage cronut whatever kogi. Xoxo blog lomo scenester squid. Jean shorts trust fund quinoa celiac bitters. Mumblecore single-origin coffee drink.	5	2020-05-29 23:20:25.520478	2020-05-29 23:20:25.520478	305
752	Miss Leonia Shanahan	Austin drinking tofu diy cray viral irony wes anderson. Pabst photo booth single-origin coffee marfa pinterest microdosing vinegar. Taxidermy whatever selvage ugh mustache portland. Freegan master health hella chillwave leggings dreamcatcher. Schlit.	4	2020-05-29 23:20:25.526803	2020-05-29 23:20:25.526803	305
753	Roxann Kilback II	Park blog fashion axe squid taxidermy selfies deep v cronut. Chicharrones salvia tousled flexitarian craft beer organic vegan. Blog phlogiston bicycle rights kale chips. Chartreuse carry street lo-fi kogi franzen. Offal humblebrag normcore portland .	2	2020-05-29 23:20:25.533868	2020-05-29 23:20:25.533868	305
754	Mazie Kirlin	Tote bag before they sold out leggings. Tousled meh meditation franzen yuccie chicharrones wes anderson. Distillery marfa thundercats. Twee food truck art party selvage polaroid yr slow-carb godard. Kale chips deep v disrupt street banjo. Cardigan t.	2	2020-05-29 23:20:25.540447	2020-05-29 23:20:25.540447	305
755	Bobby Collier	Pinterest art party diy kale chips cronut letterpress +1. Trust fund drinking kombucha stumptown sartorial. Normcore put a bird on it ramps. Austin vinegar mlkshk heirloom cardigan photo booth vice helvetica. Iphone 90's bespoke dreamcatcher shabby .	5	2020-05-29 23:20:25.54648	2020-05-29 23:20:25.54648	305
\.


--
-- Data for Name: schema_migrations; Type: TABLE DATA; Schema: public; Owner: jozykinnaman
--

COPY public.schema_migrations (version) FROM stdin;
20200529151531
20200529151554
20200529153947
20200529155408
20200529155730
\.


--
-- Name: products_id_seq; Type: SEQUENCE SET; Schema: public; Owner: jozykinnaman
--

SELECT pg_catalog.setval('public.products_id_seq', 309, true);


--
-- Name: reviews_id_seq; Type: SEQUENCE SET; Schema: public; Owner: jozykinnaman
--

SELECT pg_catalog.setval('public.reviews_id_seq', 758, true);


--
-- Name: ar_internal_metadata ar_internal_metadata_pkey; Type: CONSTRAINT; Schema: public; Owner: jozykinnaman
--

ALTER TABLE ONLY public.ar_internal_metadata
    ADD CONSTRAINT ar_internal_metadata_pkey PRIMARY KEY (key);


--
-- Name: products products_pkey; Type: CONSTRAINT; Schema: public; Owner: jozykinnaman
--

ALTER TABLE ONLY public.products
    ADD CONSTRAINT products_pkey PRIMARY KEY (id);


--
-- Name: reviews reviews_pkey; Type: CONSTRAINT; Schema: public; Owner: jozykinnaman
--

ALTER TABLE ONLY public.reviews
    ADD CONSTRAINT reviews_pkey PRIMARY KEY (id);


--
-- Name: schema_migrations schema_migrations_pkey; Type: CONSTRAINT; Schema: public; Owner: jozykinnaman
--

ALTER TABLE ONLY public.schema_migrations
    ADD CONSTRAINT schema_migrations_pkey PRIMARY KEY (version);


--
-- Name: reviews fk_rails_bedd9094d4; Type: FK CONSTRAINT; Schema: public; Owner: jozykinnaman
--

ALTER TABLE ONLY public.reviews
    ADD CONSTRAINT fk_rails_bedd9094d4 FOREIGN KEY (product_id) REFERENCES public.products(id);


--
-- PostgreSQL database dump complete
--

